연번,등록(신고)일자,상호명,영업소도로명소재지,데이터 기준일자
1,1992-09-26,앗싸노래방,대전광역시 서구 가수원로 63-1 (가수원동),2019-11-11
2,1992-02-26,필 노래연습장,대전광역시 서구 계룡로 658-1 (용문동),2019-11-11
3,1992-02-26,명성 노래연습장,"대전광역시 서구 도솔로 68, 지하층 (도마동)",2019-11-11
4,1992-09-26,똥광 노래연습장,대전광역시 서구 갈마중로 8 (갈마동),2019-11-11
5,1992-09-26,하모니노래연습장,대전광역시 서구 변동로 69-3 (변동),2019-11-11
6,1992-02-26,빙그레노래연습장,대전광역시 서구 도산로 64 (도마동),2019-11-11
7,1992-09-26,뱅크노래연습장,대전광역시 서구 중반5길 10 (변동),2019-11-11
8,1992-09-26,스타노래방,대전광역시 서구 계백로 1466 (도마동),2019-11-11
9,1992-09-26,배제노래연습장,"대전광역시 서구 도솔로 61, 지하층 (도마동)",2019-11-11
10,1992-09-26,도심속노래연습장,대전광역시 서구 도솔로 71 (도마동),2019-11-11
11,1993-09-28,짱노래연습장,대전광역시 서구 도산로 412 (용문동),2019-11-11
12,1993-09-28,갈마노래연습장,대전광역시 서구 신갈마로 155 (갈마동),2019-11-11
13,1993-09-28,쎄븐노래연습장,"대전광역시 서구 도산로 134, 2층 (도마동)",2019-11-11
14,1993-09-28,이화노래연습장,"대전광역시 서구 배재로 182-1, 2층 (도마동)",2019-11-11
15,1993-10-04,세정 노래연습장,대전광역시 서구 문정로170번길 156 (둔산동),2019-11-11
16,1993-09-28,장원노래연습장,"대전광역시 서구 도산로 103, 지하층 (도마동)",2019-11-11
17,1993-10-06,앤노래연습장,대전광역시 서구 탄방로7번길 53 (탄방동),2019-11-11
18,1993-10-06,이브 노래연습장,"대전광역시 서구 둔산남로191번길 38, 지하층 (둔산동)",2019-11-11
19,1993-10-18,달 노래연습장,"대전광역시 서구 탄방로7번길 138, 지하층 (탄방동)",2019-11-11
20,1993-10-22,라인 노래연습장,"대전광역시 서구 갈마로 221, 지하층 (괴정동)",2019-11-11
21,1993-10-22,거인노래연습장,대전광역시 서구 갈마중로 28 (갈마동),2019-11-11
22,1993-10-22,세븐노래연습장,대전광역시 서구 정림로 62-1 (정림동),2019-11-11
23,1993-10-26,맹꽁이노래연습장,대전광역시 서구 둔산남로199번길 27 (둔산동),2019-11-11
24,1993-10-28,차차노래연습장,대전광역시 서구 도마로 54-3 (도마동),2019-11-11
25,1993-10-28,청무지개 노래연습장,대전광역시 서구 갈마로 52 (갈마동),2019-11-11
26,1993-11-09,둘리노래방,대전광역시 서구 도마로 66-3 (도마동),2019-11-11
27,1993-11-09,우리노래연습장,"대전광역시 서구 가장로 94, 지하층 (괴정동)",2019-11-11
28,1993-11-09,잉꼬노래연습장,대전광역시 서구 계룡로354번길 31 (갈마동),2019-11-11
29,1993-11-12,골든벨노래연습장,대전광역시 서구 둔산로218번길 19 (둔산동),2019-11-11
30,1993-11-12,짱 노래연습장,"대전광역시 서구 갈마로 204, 지하층 (내동)",2019-11-11
31,1993-11-16,이화노래연습장,대전광역시 서구 갈마로 9 (갈마동),2019-11-11
32,1993-11-18,황실노래방,"대전광역시 서구 도산로 159, 지하층 (변동)",2019-11-11
33,1993-11-26,싸이 노래연습장,대전광역시 서구 동서대로 987 (내동),2019-11-11
34,1993-11-26,인생공간속에서노래연습장,대전광역시 서구 정림서로 136 (정림동),2019-11-11
35,1993-11-26,캠프노래연습장,대전광역시 서구 남선로59번길 21 (탄방동),2019-11-11
36,1993-12-10,뉴스타노래연습장,대전광역시 서구 정림로 62 (정림동),2019-11-11
37,1993-12-05,행운노래연습장,대전광역시 서구 계룡로299번길 29 (월평동),2019-11-11
38,1993-12-18,샤방샤방 노래연습장,"대전광역시 서구 도산로 52, 2층 (도마동)",2019-11-11
39,1993-12-21,딩동댕노래연습장,대전광역시 서구 월평중로3번길 22 (월평동),2019-11-11
40,1993-12-27,영화노연습장,대전광역시 서구 조달청길 146 (도마동),2019-11-11
41,1993-12-30,대박노래연습장,대전광역시 서구 문정로170번길 31 (둔산동),2019-11-11
42,1993-11-26,럭키 노래연습장,대전광역시 서구 문정로 126 (탄방동),2019-11-11
43,1993-12-10,짱노래연습장,"대전광역시 서구 변동로 60, 가동 지하호 (변동, 변동종합시장)",2019-11-11
44,1993-12-07,쌈바노래연습장,대전광역시 서구 정림동로 11 (정림동),2019-11-11
45,1993-12-30,한마음노래방,대전광역시 서구 도마5길 26 (도마동),2019-11-11
46,1993-09-27,스마트 노래연습장,대전광역시 서구 정림로 60 (정림동),2019-11-11
47,1993-12-07,명품 노래연습장,대전광역시 서구 문정로170번길 152 (둔산동),2019-11-11
48,1993-11-26,허브노래연습장,대전광역시 서구 계백로 1401 (도마동),2019-11-11
49,1994-01-19,수정노래연습장,"대전광역시 서구 둔산로230번길 33, 지하층 (둔산동)",2019-11-11
50,1994-08-05,신나는노래연습장,"대전광역시 서구 변동중로45번길 3, 지하층 (변동)",2019-11-11
51,1994-09-30,즐거운노래연습장,대전광역시 서구 월평로 27-1 (월평동),2019-11-11
52,1994-01-19,팡팡노래연습장,대전광역시 서구 동서대로 977 (내동),2019-11-11
53,1994-03-18,라이브노래방,대전광역시 서구 둔산로230번길 21 (둔산동),2019-11-11
54,1994-02-26,필통 노래연습장,대전광역시 서구 계백로 1388-1 (도마동),2019-11-11
55,1994-04-22,웰빙노래연습장,대전광역시 서구 정림동로5번길 34 (정림동),2019-11-11
56,1994-05-24,대박노래연습장,대전광역시 서구 계백로 1166-7 (가수원동),2019-11-11
57,1995-01-27,스타노래연습장,대전광역시 서구 청사서로 54 (월평동),2019-11-11
58,1995-03-30,도깨비 노래연습장,대전광역시 서구 도산로 34 (도마동),2019-11-11
59,1995-03-13,한마음노래연습장,대전광역시 서구 괴정로 192-1 (가장동),2019-11-11
60,1995-03-18,훼미리노래연습장,대전광역시 서구 청사서로54번길 17 (월평동),2019-11-11
61,1995-10-30,황실노래연습장,대전광역시 서구 만년남로11번길 43 (만년동),2019-11-11
62,1995-11-15,파티파티노래연습장,"대전광역시 서구 갈마중로 48-1, 지하층 (갈마동)",2019-11-11
63,1995-11-27,경성노래연습장,대전광역시 서구 계룡로500번길 29 (탄방동),2019-11-11
64,1995-12-09,짝 노래연습장,"대전광역시 서구 월평중로13번길 7, 지하층 (월평동)",2019-11-11
65,1995-12-22,뱅크노래연습장,"대전광역시 서구 대덕대로162번길 95, 지하층 (갈마동, 대명빌딩)",2019-11-11
66,1996-01-23,골든노래연습장,대전광역시 서구 청사로123번길 25 (월평동),2019-11-11
67,1996-02-07,세븐노래연습장,대전광역시 서구 대덕대로335번길 39 (월평동),2019-11-11
68,1996-02-13,코코스노래연습장,대전광역시 서구 괴정로 184 (가장동),2019-11-11
69,1996-03-11,쟈이르,대전광역시 서구 월평로13번길 66 (월평동),2019-11-11
70,1996-05-10,쟁반노래방,대전광역시 서구 대덕대로162번길 43 (갈마동),2019-11-11
71,1996-09-23,초원노래연습장,대전광역시 서구 만년남로3번길 46-9 (만년동),2019-11-11
72,1996-12-04,스피드노래방,대전광역시 서구 정림동로5번길 27 (정림동),2019-11-11
73,1996-12-21,꿀 노래연습장,"대전광역시 서구 청사서로 14, 지하층 (월평동)",2019-11-11
74,1997-01-20,뉴커플 노래연습장,"대전광역시 서구 한밭대로600번길 24, 지하층 (월평동)",2019-11-11
75,1997-01-30,만년노래연습장,"대전광역시 서구 만년남로3번길 86-13, 지하층 (만년동)",2019-11-11
76,1997-03-14,백금노래방,대전광역시 서구 동서대로 1017-2 (내동),2019-11-11
77,1997-03-27,아우디 노래연습장,"대전광역시 서구 갈마중로37번길 13, 지하층 (갈마동)",2019-11-11
78,1997-05-13,락소케이티브이 노래연습장,대전광역시 서구 도마로 4 (도마동),2019-11-11
79,1997-06-10,팡팡노래연습장,"대전광역시 서구 월평로 64, 2층 (월평동, 구성빌딩)",2019-11-11
80,1997-08-27,제3노래방,대전광역시 서구 계룡로 663-17 (용문동),2019-11-11
81,1997-09-24,진달래노래방,"대전광역시 서구 월평중로4번길 57, 지하층 (월평동)",2019-11-11
82,1997-10-06,강변노래연습장,대전광역시 서구 만년남로3번길 123 (만년동),2019-11-11
83,1997-10-20,궁전노래연습장,대전광역시 서구 정림로 78-14 (정림동),2019-11-11
84,1997-10-25,궁전노래연습장,대전광역시 서구 도산로 155 (변동),2019-11-11
85,1997-10-25,스타게이트노래방,대전광역시 서구 대덕대로 141 (갈마동),2019-11-11
86,1997-12-26,두리노래방,대전광역시 서구 가수원로 47 (가수원동),2019-11-11
87,1997-12-30,정다운노래방,대전광역시 서구 갈마로147번길 60 (갈마동),2019-11-11
88,1998-01-17,원앙노래방,대전광역시 서구 관저동 71-13번지 지하 ,2019-11-11
89,1998-03-14,뮤직노래방,대전광역시 서구 한밭대로707번길 15 (월평동),2019-11-11
90,1998-04-24,25골드노래방,대전광역시 서구 청사로123번길 25 (월평동),2019-11-11
91,1998-06-18,보스노래방,"대전광역시 서구 월평로 36, 2층 (월평동)",2019-11-11
92,1998-07-10,전원노래방,대전광역시 서구 제비네1길 12 (도마동),2019-11-11
93,1998-08-17,궁전노래연습장,"대전광역시 서구 탄방로7번길 85, 4층 (탄방동)",2019-11-11
94,1998-10-02,사계절노래방,대전광역시 서구 월평중로4번길 74 (갈마동),2019-11-11
95,1998-10-02,나이스노래연습장,대전광역시 서구 관저동 71-16번지 지하 ,2019-11-11
96,1998-10-15,특급노래연습장,대전광역시 서구 월평북로 82 (월평동),2019-11-11
97,1998-10-15,세븐노래연습장,"대전광역시 서구 배재로91번길 34, 지하층 (도마동)",2019-11-11
98,1998-10-24,파티노래연습장,대전광역시 서구 동서대로 1077 (내동),2019-11-11
99,1998-10-29,짱짱노래연습장,"대전광역시 서구 신갈마로 95, 3층 (갈마동, 갈마프라자)",2019-11-11
100,1998-10-29,핑클노래연습장,"대전광역시 서구 월평중로14번길 5, 2층 (월평동)",2019-11-11
101,1998-11-06,쏠레노래연습장,"대전광역시 서구 계룡로509번길 41, 지하층 (탄방동)",2019-11-11
102,1998-11-23,모아 노래연습장,"대전광역시 서구 한밭대로596번길 22, 지하층 (월평동)",2019-11-11
103,1998-11-24,K2노래연습장,"대전광역시 서구 만년로 80, 지하층 (만년동)",2019-11-11
104,1998-12-03,미소 노래연습장,"대전광역시 서구 문정로170번길 34, 2층 (둔산동)",2019-11-11
105,1998-12-07,로마노래연습장,대전광역시 서구 계룡로553번안길 23 (탄방동),2019-11-11
106,1998-12-10,축제노래연습장,대전광역시 서구 계룡로491번길 56 (둔산동),2019-11-11
107,1998-12-18,콜노래연습장,대전광역시 서구 남선로59번길 24 (탄방동),2019-11-11
108,1998-12-23,쿨노래연습장,대전광역시 서구 대덕대로 141-6 (갈마동),2019-11-11
109,1998-12-24,가화노래연습장,"대전광역시 서구 만년남로3번길 29, 지하층 (만년동)",2019-11-11
110,1998-12-26,쏠레시티노래연습장,"대전광역시 서구 월평로 46, 4층 (월평동)",2019-11-11
111,1999-01-12,영노래연습장,대전광역시 서구 장안로 446 (장안동),2019-11-11
112,1999-02-04,큐 노래연습장,대전광역시 서구 문정로170번길 25 (둔산동),2019-11-11
113,1999-02-24,킹노래연습장,"대전광역시 서구 갈마로 60, 지하층 (갈마동)",2019-11-11
114,1999-04-22,물통골노래연습장,대전광역시 서구 길곡길 75-27 (장안동),2019-11-11
115,1999-04-23,오디션 노래연습장,대전광역시 서구 둔산로123번길 28 (둔산동),2019-11-11
116,1999-04-26,소피아노래연습장,대전광역시 서구 월평중로4번길 21 (월평동),2019-11-11
117,1999-04-30,수노래연습장,대전광역시 서구 문정로170번길 191 (둔산동),2019-11-11
118,1999-07-09,쿨 노래연습장,"대전광역시 서구 월평중로 22, 3층 (월평동)",2019-11-11
119,1999-07-10,무대포노래연습장,대전광역시 서구 도솔로 319 (괴정동),2019-11-11
120,1999-08-06,하모니노래연습장,대전광역시 서구 관저중로84번길 5 (관저동),2019-11-11
121,1999-08-06,샤넬 노래연습장,대전광역시 서구 월평중로4번길 13 (월평동),2019-11-11
122,1999-08-13,남선노래연습장,대전광역시 서구 유등로669번길 28 (탄방동),2019-11-11
123,1999-08-14,선물노래연습장,대전광역시 서구 관저중로80번길 19 (관저동),2019-11-11
124,1999-08-28,굿앤월드노래방,대전광역시 서구 문정로 148 (탄방동),2019-11-11
125,1999-08-28,동전 노래연습장,"대전광역시 서구 도마로 6, 2층 (도마동)",2019-11-11
126,1999-09-06,정든노래연습장,대전광역시 서구 정림동로7번길 27 (정림동),2019-11-11
127,1999-09-14,밀래니엄노래방,대전광역시 서구 계룡로571번길 65 (탄방동),2019-11-11
128,1999-09-21,파워노래방,대전광역시 서구 정림로 56-11 (정림동),2019-11-11
129,1999-10-18,짱노래방,대전광역시 서구 문정로 26 (탄방동),2019-11-11
130,1999-10-21,행운노래연습장,대전광역시 서구 청사로123번길 35 (월평동),2019-11-11
131,1999-11-20,샤갈 노래연습장,"대전광역시 서구 관저로121번길 14, 지하층 (관저동)",2019-11-11
132,1999-11-27,짱 노래연습장,대전광역시 서구 계룡로394번길 10 (갈마동),2019-11-11
133,1999-12-01,땡큐노래연습장,대전광역시 서구 계백로1158번길 3 (가수원동),2019-11-11
134,1999-12-04,허니콤노래방,대전광역시 서구 계백로1286번길 42 (정림동),2019-11-11
135,1999-12-17,청사노래연습장,"대전광역시 서구 둔산중로134번길 21, 205호 (둔산동, 만금프라자)",2019-11-11
136,1999-12-18,호 노래연습장,"대전광역시 서구 청사로123번길 33, 3층 (월평동)",2019-11-11
137,1999-12-24,오페라노래방,대전광역시 서구 둔산중로46번길 30 (둔산동),2019-11-11
138,1999-12-27,방방노래연습장,대전광역시 서구 월평새뜸로8번길 3 (월평동),2019-11-11
139,1999-11-12,힐링 노래연습장,대전광역시 서구 계룡로509번길 21 (탄방동),2019-11-11
140,1999-08-06,쿨 노래연습장,대전광역시 서구 탄방로7번길 64 (탄방동),2019-11-11
141,1999-12-21,줄리아나노래연습장,대전광역시 서구 탄방로7번길 105 (탄방동),2019-11-11
142,1999-03-20,떳다큐노래연습장,대전광역시 서구 월평중로14번길 11 (월평동),2019-11-11
143,2000-01-28,테크노노래연습장,대전광역시 서구 관저중로 92 (관저동),2019-11-11
144,2000-03-08,샤론 노래연습장,"대전광역시 서구 계룡로 591, 지하층 (탄방동)",2019-11-11
145,2000-03-17,스카이노래방,"대전광역시 서구 문정로 66 (탄방동,6층)",2019-11-11
146,2000-03-25,SM BRAVO 노래연습장,대전광역시 서구 둔산로 20 (둔산동),2019-11-11
147,2000-04-17,비젼디디알노래방,대전광역시 서구 도솔4길 11 (도마동),2019-11-11
148,2000-05-24,써니 노래연습장,대전광역시 서구 둔산남로105번길 15 (둔산동),2019-11-11
149,2000-12-08,궁전노래연습장,대전광역시 서구 신갈마로 6 (내동),2019-11-11
150,2000-12-11,달노래연습장,"대전광역시 서구 도산로 15, 지하층 (도마동)",2019-11-11
151,2001-01-02,샛별 노래연습장,"대전광역시 서구 청사서로 30, 지하층 (월평동)",2019-11-11
152,2001-01-20,엔젤노래연습장,대전광역시 서구 둔산로 238 (둔산동),2019-11-11
153,2001-06-02,썬노래연습장,"대전광역시 서구 계룡로491번길 54, 3층 (둔산동)",2019-11-11
154,2001-06-08,두발노래방,"대전광역시 서구 만년로67번길 18-25, 지하층 (만년동)",2019-11-11
155,2001-07-03,신촌 노래연습장,대전광역시 서구 대덕대로 390 (만년동),2019-11-11
156,2001-07-10,청운 노래연습장,대전광역시 서구 도산로369번길 58 (괴정동),2019-11-11
157,2001-07-18,도큐노래방,대전광역시 서구 문정로170번길 146 (둔산동),2019-11-11
158,2001-08-02,신데렐라노래방,"대전광역시 서구 월평로 52, 4층 (월평동)",2019-11-11
159,2001-08-30,풍차노래방,대전광역시 서구 문정로170번길 183 (둔산동),2019-11-11
160,2001-09-15,씽 노래연습장,대전광역시 서구 대덕대로185번길 53 (둔산동),2019-11-11
161,2001-09-27,월드컵노래연습장,대전광역시 서구 월평로 54 (월평동),2019-11-11
162,2001-10-17,네박자노래방,대전광역시 서구 동서대로 1135 (가장동),2019-11-11
163,2001-10-17,스카이노래연습장,대전광역시 서구 도솔로 127 (도마동),2019-11-11
164,2001-10-19,세븐나인노래방,대전광역시 서구 탄방로7번길 84 (탄방동),2019-11-11
165,2001-10-19,마당노래연습장,"대전광역시 서구 대덕대로162번길 33, 2층 (갈마동)",2019-11-11
166,2001-10-19,초원 노래연습장,"대전광역시 서구 청사로123번길 21, 4층 (월평동)",2019-11-11
167,2001-10-30,경성 노래연습장,대전광역시 서구 대덕대로162번길 11 (갈마동),2019-11-11
168,2001-11-15,궁전노래연습장,대전광역시 서구 동서대로 1106 (변동),2019-11-11
169,2001-03-30,이-청춘노래방,대전광역시 서구 계룡로 612 (괴정동),2019-11-11
170,2001-03-30,오케이노래방,"대전광역시 서구 벌곡로 1375-1, 지하층 (가수원동)",2019-11-11
171,2001-04-11,황금 노래연습장,"대전광역시 서구 문예로 33, 지하2층 (둔산동)",2019-11-11
172,2001-04-12,오거리노래방,대전광역시 서구 중반5길 8 (변동),2019-11-11
173,2001-04-19,나에노래방,대전광역시 서구 대덕대로162번길 23 (갈마동),2019-11-11
174,2001-05-09,좋은노래연습장,대전광역시 서구 둔산대로117번길 29 (만년동),2019-11-11
175,2001-05-14,미소 노래연습장,"대전광역시 서구 정림동로5번길 28, 지하층 (정림동)",2019-11-11
176,2001-05-24,씽씽 노래연습장,"대전광역시 서구 변동로 49, 2층 (변동)",2019-11-11
177,2002-01-19,음치노래연습장,"대전광역시 서구 갈마중로 9, 지하층 (갈마동)",2019-11-11
178,2002-01-22,꿈 노래연습장,대전광역시 서구 청사서로54번길 11 (월평동),2019-11-11
179,2002-02-09,용가리노래연습장,대전광역시 서구 대덕대로168번길 26 (갈마동),2019-11-11
180,2002-03-12,코디노래연습장,"대전광역시 서구 월평로 60, 6층 (월평동)",2019-11-11
181,2002-04-24,베이스노래연습장,대전광역시 서구 도산로 71 (도마동),2019-11-11
182,2002-04-29,클릭노래연습장,"대전광역시 서구 문정로 148, 지하층 (탄방동, 굿앤월드빌딩)",2019-11-11
183,2002-05-07,갈채노래연습장,"대전광역시 서구 변동로 78, 지하층 (변동)",2019-11-11
184,2002-05-07,끼노래연습장,대전광역시 서구 만년남로3번길 33 (만년동),2019-11-11
185,2002-05-18,비트노래연습장,"대전광역시 서구 월평로 68, 지하층 (월평동)",2019-11-11
186,2002-05-23,허브노래연습장,"대전광역시 서구 둔산로 32-11, 지하층 (둔산동)",2019-11-11
187,2002-06-07,산적골노래연습장,대전광역시 서구 도솔로 55 (도마동),2019-11-11
188,2002-06-08,썸 노래연습장,"대전광역시 서구 도솔로 373, 지하층 (괴정동)",2019-11-11
189,2002-06-11,다사랑노래연습장,대전광역시 서구 신갈마로 224 (갈마동),2019-11-11
190,2002-06-28,캔디노래연습장,"대전광역시 서구 대덕대로185번길 41, 지하층 (둔산동)",2019-11-11
191,2002-07-05,오페라노래연습장,대전광역시 서구 도솔로 74 (도마동),2019-11-11
192,2002-08-04,타임노래연습장,대전광역시 서구 만년로67번길 34-10 (만년동),2019-11-11
193,2002-08-13,쇼노래연습장,"대전광역시 서구 대덕대로185번길 19, 3층 (둔산동)",2019-11-11
194,2002-08-17,브이아이피노래연습장,대전광역시 서구 둔산중로58번길 25 (둔산동),2019-11-11
195,2002-08-19,브이존노래연습장,대전광역시 서구 대덕대로 159 (갈마동),2019-11-11
196,2002-08-20,부엉이노래연습장,대전광역시 서구 벌곡로 657 (흑석동),2019-11-11
197,2002-09-10,와 노래연습장,"대전광역시 서구 월평로 35, 4층 (월평동)",2019-11-11
198,2002-09-14,금영노래연습장,대전광역시 서구 관저중로96번길 42 (관저동),2019-11-11
199,2002-10-31,명품 노래연습장,대전광역시 서구 탄방로7번길 71 (탄방동),2019-11-11
200,2002-11-09,쑝코인 노래연습장,"대전광역시 서구 가장로 100, 지하층 (가장동)",2019-11-11
201,2002-11-15,오페라노래연습장,대전광역시 서구 가장로 91 (괴정동),2019-11-11
202,2002-11-19,댄스댄스노래연습장,대전광역시 서구 계백로 1166-12 (가수원동),2019-11-11
203,2002-11-27,로또 노래연습장,"대전광역시 서구 대덕대로234번길 29, 3층 (둔산동)",2019-11-11
204,2002-12-24,리치 노래연습장,"대전광역시 서구 갈마중로50번길 11, 지하층 (갈마동)",2019-11-11
205,2002-12-27,오디션노래연습장,"대전광역시 서구 관저중로 86-1, 지하층 (관저동)",2019-11-11
206,2002-12-31,썸 노래연습장,"대전광역시 서구 문정로170번길 186, 2층 (둔산동)",2019-11-11
207,2003-01-03,심포니노래연습장,"대전광역시 서구 탄방로7번길 78, 지하층 (탄방동)",2019-11-11
208,2003-02-03,썸 노래연습장,"대전광역시 서구 한밭대로707번길 13, 지하층 (월평동)",2019-11-11
209,2003-03-14,고래고래노래연습장,"대전광역시 서구 도솔로 66, 2층 (도마동)",2019-11-11
210,2003-06-17,스타노래연습장,"대전광역시 서구 관저동로 84, 지하층 (관저동)",2019-11-11
211,2003-04-30,리치노래연습장,"대전광역시 서구 월평로 70, 5층 (월평동)",2019-11-11
212,2003-06-25,띠울노래연습장,"대전광역시 서구 문정로10번길 40, 지하층 (탄방동)",2019-11-11
213,2003-07-04,보스노래연습장,"대전광역시 서구 문정로170번길 184, 지하층 (둔산동)",2019-11-11
214,2003-07-07,테마노래연습장,"대전광역시 서구 만년로 81, 3층 (만년동)",2019-11-11
215,2003-07-09,딱이야 노래연습장,"대전광역시 서구 관저중로 94, 지하층 (관저동)",2019-11-11
216,2003-08-21,오케이노래연습장,"대전광역시 서구 만년남로3번길 37, 지하층 (만년동)",2019-11-11
217,2003-08-26,해찬노래연습장,"대전광역시 서구 혜천로 61, 지하층 (복수동)",2019-11-11
218,2003-09-05,스마일노래연습장,"대전광역시 서구 신갈마로 63, 2층 (갈마동)",2019-11-11
219,2003-09-08,오케이노래연습장,"대전광역시 서구 문정로170번길 179, 2층 (둔산동)",2019-11-11
220,2003-09-09,라이브노래연습장,"대전광역시 서구 관저동로 88, 지하층 (관저동)",2019-11-11
221,2003-09-22,쟁반노래연습장,"대전광역시 서구 둔산로123번길 15, 지하층 (둔산동)",2019-11-11
222,2003-09-24,특급노래연습장,"대전광역시 서구 관저중로96번길 29, 지하층 (관저동)",2019-11-11
223,2003-09-30,사운드노래연습장,"대전광역시 서구 도솔4길 16, 2층 (도마동)",2019-11-11
224,2003-09-30,고래고래노래연습장,"대전광역시 서구 월평로 40, 3층 (월평동)",2019-11-11
225,2003-09-30,미소 노래연습장,"대전광역시 서구 월평중로13번길 6, 지하층 (월평동)",2019-11-11
226,2003-10-10,환상노래연습장,"대전광역시 서구 청사서로 11, 지하층 (월평동)",2019-11-11
227,2003-10-28,벤츠 노래연습장,"대전광역시 서구 둔지로 48, 3층 (둔산동)",2019-11-11
228,2003-10-29,달노래연습장,"대전광역시 서구 둔산로137번길 21, 2층 (둔산동)",2019-11-11
229,2003-11-14,플레이티(play T) 노래연습장,"대전광역시 서구 만년로67번길 22, 4층 (만년동)",2019-11-11
230,2003-11-17,벤츠 노래연습장,"대전광역시 서구 대덕대로161번길 10, 지하층 (갈마동)",2019-11-11
231,2003-11-27,무지개노래연습장,"대전광역시 서구 청사서로 11, 지하층 (월평동)",2019-11-11
232,2003-11-28,퀸 노래연습장,"대전광역시 서구 대덕대로185번길 47, 3층 (둔산동)",2019-11-11
233,2003-12-13,몽 노래연습장,"대전광역시 서구 대덕대로 139, 지하층 (갈마동)",2019-11-11
234,2003-12-22,팡팡노래연습장,"대전광역시 서구 복수중로 38, 지하층 (복수동)",2019-11-11
235,2003-12-26,케이케이노래연습장,"대전광역시 서구 월평로 66, 5층 (월평동)",2019-11-11
236,2003-12-29,케이투노래연습장,"대전광역시 서구 도산로369번길 67, 4층 (괴정동)",2019-11-11
237,2004-01-06,나가수노래연습장,대전광역시 서구 갈마중로 36 (갈마동),2019-11-11
238,2004-01-14,정노래연습장,"대전광역시 서구 만년로68번길 15-26, 지하층 (만년동)",2019-11-11
239,2004-01-20,사이공 노래연습장,대전광역시 서구 둔산남로180번길 15 (탄방동),2019-11-11
240,2004-02-06,상아노래연습장,대전광역시 서구 신갈마로 165 (갈마동),2019-11-11
241,2004-02-14,랠리노래연습장,대전광역시 서구 대덕대로167번길 53 (갈마동),2019-11-11
242,2004-03-15,오디션노래연습장,"대전광역시 서구 월평중로 13, 3층 (월평동)",2019-11-11
243,2004-03-29,테크노노래연습장,대전광역시 서구 대덕대로185번길 22 (둔산동),2019-11-11
244,2004-03-31,뉴썸노래연습장,"대전광역시 서구 신갈마로 138-1, 지하층 (갈마동)",2019-11-11
245,2004-04-09,팡팡팡 노래연습장,"대전광역시 서구 가수원로 61, 지하층 (가수원동)",2019-11-11
246,2004-04-23,올인노래연습장,대전광역시 서구 관저동로105번길 89 (관저동),2019-11-11
247,2004-05-11,대장금노래연습장,대전광역시 서구 동서대로 1091 (가장동),2019-11-11
248,2004-05-13,에쿠스 노래연습장,대전광역시 서구 월평중로 9 (월평동),2019-11-11
249,2004-05-18,팡팡노래연습장,"대전광역시 서구 관저동로93번길 51, 지하층 (관저동)",2019-11-11
250,2004-05-24,질러 노래연습장,"대전광역시 서구 관저동로93번길 55, 지하층 (관저동)",2019-11-11
251,2004-05-25,복순이노래연습장,"대전광역시 서구 도산로 418-1, 2층 (용문동)",2019-11-11
252,2004-07-12,도우미노래연습장,대전광역시 서구 문정로170번길 138 (둔산동),2019-11-11
253,2004-07-16,은꽃노래연습장,대전광역시 서구 탄방로7번길 52 (탄방동),2019-11-11
254,2004-07-19,행복노래연습장,"대전광역시 서구 청사로123번길 35, 지하층 (월평동)",2019-11-11
255,2004-07-20,스타노래연습장,"대전광역시 서구 갈마로 55, 지하층 (갈마동)",2019-11-11
256,2004-08-06,써니노래연습장,대전광역시 서구 가장로 76 (괴정동),2019-11-11
257,2004-08-11,미소타운노래연습장,대전광역시 서구 신갈마로 136 (갈마동),2019-11-11
258,2004-09-15,라이언노래연습장,대전광역시 서구 대덕대로234번길 46 (둔산동),2019-11-11
259,2004-09-13,풍차노래연습장,"대전광역시 서구 가장로 83-3, 지하층 (괴정동)",2019-11-11
260,2004-10-07,샾 노래연습장,대전광역시 서구 탄방로7번길 118 (탄방동),2019-11-11
261,2004-10-25,쿡 노래연습장,"대전광역시 서구 관저동로 89, 지하층 (관저동)",2019-11-11
262,2004-11-22,탬버린노래연습장,대전광역시 서구 월평북로 83 (월평동),2019-11-11
263,2004-12-01,황진이 노래연습장,대전광역시 서구 괴정로 73 (괴정동),2019-11-11
264,2004-12-03,럭키노래연습장,"대전광역시 서구 관저중로96번길 36, 지하층 (관저동)",2019-11-11
265,2004-12-21,샤방 노래연습장,"대전광역시 서구 대덕대로 143-1 (갈마동,지하)",2019-11-11
266,2004-12-22,오예노래연습장,대전광역시 서구 월평중로3번길 40 (월평동),2019-11-11
267,2004-12-22,빙고 노래연습장,"대전광역시 서구 관저동로 91, 지하층 (관저동)",2019-11-11
268,2005-01-20,더킹노래연습장,"대전광역시 서구 문정로122번길 13, 지하층 (탄방동)",2019-11-11
269,2005-01-20,제이에스노래연습장,대전광역시 서구 도산로369번길 91 (괴정동),2019-11-11
270,2005-01-24,특급노래연습장,"대전광역시 서구 도산로 270, 지하층 (가장동)",2019-11-11
271,2005-03-24,여우 노래연습장,대전광역시 서구 도솔로 366-1 (괴정동),2019-11-11
272,2005-04-22,하트 노래연습장,대전광역시 서구 관저로129번길 3 (관저동),2019-11-11
273,2005-05-02,특급노래연습장,대전광역시 서구 도솔로 382 (괴정동),2019-11-11
274,2005-05-04,짱노래연습장,대전광역시 서구 관저동로105번길 33 (관저동),2019-11-11
275,2005-05-04,웰컴노래연습장,대전광역시 서구 월평중로13번길 9-12 (월평동),2019-11-11
276,2005-05-24,골목노래연습장,"대전광역시 서구 갈마중로 13-12, 지하층 (갈마동)",2019-11-11
277,2005-05-25,큐브노래연습장,대전광역시 서구 월평로 60 (월평동),2019-11-11
278,2005-06-07,앵콜노래연습장,대전광역시 서구 도산로 76 (도마동),2019-11-11
279,2005-06-14,산들노래연습장,"대전광역시 서구 변동로 61, 2층 (변동)",2019-11-11
280,2005-06-20,퀸노래연습장,"대전광역시 서구 관저중로96번길 74, 지하층 (관저동)",2019-11-11
281,2005-06-22,리멤버노래연습장,"대전광역시 서구 둔산중로134번길 29 (둔산동,청사프라자 201, 202호)",2019-11-11
282,2005-06-29,꽃노래연습장,"대전광역시 서구 복수동로51번길 48 (복수동,가동 지하1층)",2019-11-11
283,2005-07-04,세이노래연습장,대전광역시 서구 문정로 22 (탄방동),2019-11-11
284,2005-07-07,로망스노래연습장,대전광역시 서구 유등로43번길 67 (복수동),2019-11-11
285,2005-07-07,기쁜우리노래연습장,대전광역시 서구 만년로67번길 30 (만년동),2019-11-11
286,2005-07-12,스타노래연습장,"대전광역시 서구 복수동로51번길 34, 지하층 (복수동)",2019-11-11
287,2005-07-12,O2노래연습장,대전광역시 서구 복수동로52번길 5 (복수동),2019-11-11
288,2005-07-25,빠샤 노래연습장,"대전광역시 서구 관저중로96번길 30, 지하호 (관저동)",2019-11-11
289,2005-08-11,애플 노래연습장,"대전광역시 서구 대덕대로185번길 49, 3층 (둔산동)",2019-11-11
290,2005-08-16,씨마노래연습장,"대전광역시 서구 갈마로 295, 2층 (가장동)",2019-11-11
291,2005-09-16,쇼 노래연습장,"대전광역시 서구 가수원로 62-1, 지하층 (가수원동)",2019-11-11
292,2005-09-21,별노래연습장,"대전광역시 서구 도솔로 379, 3층층 (괴정동)",2019-11-11
293,2005-11-07,명품 노래연습장,"대전광역시 서구 갈마중로37번길 5, 지하층 (갈마동)",2019-11-11
294,2005-11-17,달 노래연습장,대전광역시 서구 가장로 88 (괴정동),2019-11-11
295,2005-11-23,뽄떼노래연습장,대전광역시 서구 대덕대로151번길 2 (갈마동),2019-11-11
296,2005-11-23,리더스노래연습장,"대전광역시 서구 둔산대로117번길 95, 8층 (만년동)",2019-11-11
297,2005-12-01,만년노래연습장,대전광역시 서구 만년로18번길 38 (만년동),2019-11-11
298,2005-12-07,팡팡노래연습장,"대전광역시 서구 도산로 39, 2층 (도마동)",2019-11-11
299,2005-12-07,팡팡2노래연습장,"대전광역시 서구 도산로 39, 3층 (도마동)",2019-11-11
300,2005-12-15,앗싸노래연습장,대전광역시 서구 관저중로80번길 45 (관저동),2019-11-11
301,2005-12-15,탑 노래연습장,"대전광역시 서구 복수남로 41, 지하층 (복수동)",2019-11-11
302,2005-12-19,민들레 노래연습장,"대전광역시 서구 관저중로96번길 76, 지하층 (관저동)",2019-11-11
303,2005-12-26,둔산노래연습장,대전광역시 서구 대덕대로234번길 37 (둔산동),2019-11-11
304,2005-12-28,풍년노래연습장,대전광역시 서구 관저중로96번길 8 (관저동),2019-11-11
305,2006-01-09,BMW노래연습장,"대전광역시 서구 만년로67번길 18-13, 4층 (만년동)",2019-11-11
306,2006-01-10,뉴스노래연습장,대전광역시 서구 관저로129번길 31 (관저동),2019-11-11
307,2006-02-07,갤럭시 노래연습장,"대전광역시 서구 갈마로 329, 2층 (가장동)",2019-11-11
308,2006-02-09,불꽃 노래연습장,대전광역시 서구 관저중로96번길 17 (관저동),2019-11-11
309,2006-02-28,노찾사노래연습장,대전광역시 서구 갈마중로 49 (갈마동),2019-11-11
310,2006-03-03,플라워 노래연습장,"대전광역시 서구 도솔로 387-1, 4층 (괴정동)",2019-11-11
311,2006-03-07,풀노래연습장,대전광역시 서구 대덕대로185번길 58 (둔산동),2019-11-11
312,2006-03-30,헤라노래연습장,"대전광역시 서구 도솔로 313 (괴정동,지하)",2019-11-11
313,2006-04-03,아자노래연습장,대전광역시 서구 신갈마로 179 (갈마동),2019-11-11
314,2006-04-05,꿀잼동전노래연습장,대전광역시 서구 배재로 162 (도마동),2019-11-11
315,2006-04-24,고고노래연습장,대전광역시 서구 동서대로 1085 (내동),2019-11-11
316,2006-04-25,K2노래연습장,"대전광역시 서구 둔산로 32-29, 3층 (둔산동)",2019-11-11
317,2006-05-04,수 노래연습장,대전광역시 서구 둔산로 32-28 (둔산동),2019-11-11
318,2006-05-08,도토리 노래연습장,"대전광역시 서구 변동중로 53, 3층 (변동)",2019-11-11
319,2006-05-19,나비 노래연습장,"대전광역시 서구 문정로122번길 14, 지하층 (탄방동)",2019-11-11
320,2006-06-07,꿀잼동전 노래연습장,"대전광역시 서구 대덕대로185번길 30 (둔산동, 명성빌딩)",2019-11-11
321,2006-06-13,오페라노래연습장,대전광역시 서구 복수남로 26 (복수동),2019-11-11
322,2006-06-28,썸노래연습장,대전광역시 서구 도마로 2 (도마동),2019-11-11
323,2006-07-10,소나타노래연습장,대전광역시 서구 도솔로 135-1 (도마동),2019-11-11
324,2006-07-27,훼미리노래연습장,"대전광역시 서구 구봉로147번길 91 (관저동,지하)",2019-11-11
325,2006-08-16,신나고노래연습장,"대전광역시 서구 월평로 72 (월평동,3층)",2019-11-11
326,2006-11-23,카라노래연습장,"대전광역시 서구 도산로 344, 2층 (용문동)",2019-11-11
327,2007-02-21,럭셔리 노래연습장,"대전광역시 서구 문정로 38, 2층 (탄방동)",2019-11-11
328,2007-03-26,딩동댕 노래연습장,"대전광역시 서구 구봉로147번길 95, 지하층 (관저동)",2019-11-11
329,2007-04-25,369 노래연습장,"대전광역시 서구 남선로 61, 지하층 (탄방동)",2019-11-11
330,2007-05-02,썸 노래연습장,"대전광역시 서구 대덕대로 137 (갈마동,2층)",2019-11-11
331,2007-06-15,스타노래연습장,"대전광역시 서구 가수원로65번길 2, 지하층 (가수원동)",2019-11-11
332,2007-06-15,젬노래연습장,"대전광역시 서구 도솔로 380, 4층 (괴정동)",2019-11-11
333,2007-06-27,지지노래연습장,"대전광역시 서구 둔산로 32-12, 3층 (둔산동)",2019-11-11
334,2007-06-27,단풍노래연습장,"대전광역시 서구 관저중로96번길 21 (관저동,지하)",2019-11-11
335,2007-07-27,수노래연습장,"대전광역시 서구 월평북로 85, 2층 (월평동)",2019-11-11
336,2007-08-23,브라보 노래연습장,"대전광역시 서구 둔산로31번길 72, 2층 (둔산동)",2019-11-11
337,2007-08-24,궁 노래연습장,"대전광역시 서구 둔지로 19, 3층 (둔산동, 갤러리아타운)",2019-11-11
338,2007-08-31,롱타임노래연습장,대전광역시 서구 갈마로 62-1 (갈마동),2019-11-11
339,2007-09-13,리아노래연습장,"대전광역시 서구 갈마로 64, 2층 (갈마동)",2019-11-11
340,2007-09-17,쇼 노래연습장,"대전광역시 서구 관저동로105번길 74, 지하층 (관저동)",2019-11-11
341,2007-10-11,킹 노래연습장,"대전광역시 서구 가장로 87, 2층 (괴정동)",2019-11-11
342,2007-10-30,열린노래연습장,"대전광역시 서구 관저중로84번길 40 (관저동,지하)",2019-11-11
343,2007-11-08,오디션노래연습장,"대전광역시 서구 둔산로 32-22, 지하층 (둔산동)",2019-11-11
344,2007-11-21,락 노래연습장,"대전광역시 서구 둔지로 18, 3층 (둔산동)",2019-11-11
345,2007-11-29,수노래연습장,"대전광역시 서구 대덕대로234번길 45, 302호 (둔산동, 하이베라스)",2019-11-11
346,2007-11-29,희 노래연습장,"대전광역시 서구 대덕대로234번길 45, 301호 (둔산동, 하이베라스)",2019-11-11
347,2007-12-07,엠노래연습장,"대전광역시 서구 대덕대로185번길 63, 3층 (둔산동)",2019-11-11
348,2007-12-11,행운 노래연습장,"대전광역시 서구 갈마역로 7 (갈마동,2층)",2019-11-11
349,2007-12-26,건양노래연습장,"대전광역시 서구 관저동로105번길 9 (관저동,지하1층)",2019-11-11
350,2008-01-25,리슈빌 노래연습장,"대전광역시 서구 관저동로 99 (관저동,지하1층)",2019-11-11
351,2008-01-31,아우성 노래연습장,"대전광역시 서구 대덕대로185번길 57, 5층 (둔산동)",2019-11-11
352,2008-03-14,럭셔리 궁 노래연습장,"대전광역시 서구 도마로 6, 1층 (도마동)",2019-11-11
353,2008-03-27,안단테 노래연습장,"대전광역시 서구 대덕대로161번길 38 (갈마동,지하1층)",2019-11-11
354,2008-04-04,쇼 노래연습장,대전광역시 서구 계룡로 394 (갈마동),2019-11-11
355,2008-05-14,락노래연습장,"대전광역시 서구 복수동로 58 (복수동,2층)",2019-11-11
356,2008-05-19,에코노래연습장,"대전광역시 서구 계룡로571번길 17 (탄방동,2층)",2019-11-11
357,2008-05-23,락 노래연습장,"대전광역시 서구 청사로123번길 34 (월평동,신안빌딩 3층)",2019-11-11
358,2008-06-25,썸 노래연습장,"대전광역시 서구 대덕대로185번길 58, 3층 (둔산동)",2019-11-11
359,2008-07-08,섹시 노래연습장,"대전광역시 서구 대덕대로 143, 지하층 (갈마동)",2019-11-11
360,2008-08-08,황진이 노래연습장,"대전광역시 서구 탄방로7번길 79, 지하층 (탄방동)",2019-11-11
361,2008-08-18,써니텐 노래연습장,대전광역시 서구 둔산로31번길 56 (둔산동),2019-11-11
362,2008-09-11,뚱이네 노래연습장,"대전광역시 서구 둔산중로134번길 39, 지하층 (둔산동)",2019-11-11
363,2008-11-03,OK 노래연습장,대전광역시 서구 대덕대로 141-12 (갈마동),2019-11-11
364,2008-11-04,스카이노래연습장,"대전광역시 서구 관저중로96번길 34 (관저동,지하층)",2019-11-11
365,2008-11-07,쇼킹노래연습장,"대전광역시 서구 월평로37번길 1 (월평동,지하)",2019-11-11
366,2008-11-07,와우 노래연습장,"대전광역시 서구 탄방로7번길 75 (탄방동,2층)",2019-11-11
367,2008-11-17,수 노래연습장,대전광역시 서구 만년로68번길 31 (만년동),2019-11-11
368,2008-12-04,SM BRAVO노래연습장,"대전광역시 서구 월평북로 81, 3층 (월평동)",2019-11-11
369,2008-12-12,라스베가스노래연습장,대전광역시 서구 둔산로 242 (둔산동),2019-11-11
370,2009-03-13,수 노래연습장,"대전광역시 서구 문정로132번길 13 (탄방동,지하)",2019-11-11
371,2009-04-13,꽃노래연습장,"대전광역시 서구 탄방로7번길 60 (탄방동,지하1층)",2019-11-11
372,2009-05-19,쏠 노래연습장,"대전광역시 서구 가장로 90, 3층 (괴정동)",2019-11-11
373,2009-06-02,쏠레노래연습장,대전광역시 서구 남선로23번길 30 (탄방동),2019-11-11
374,2009-07-03,에스엠브라보노래연습장,"대전광역시 서구 월평로 72, 2층 (월평동)",2019-11-11
375,2009-07-09,뽐 노래연습장,"대전광역시 서구 청사로123번길 41, 2층 (월평동)",2019-11-11
376,2009-07-21,감 노래연습장,"대전광역시 서구 대덕대로234번길 45, 504호 (둔산동, 하이베라스)",2019-11-11
377,2009-07-30,큐브노래연습장,"대전광역시 서구 월평로 60 (월평동,지하)",2019-11-11
378,2009-09-28,럭셔리 젬 노래연습장,"대전광역시 서구 복수남로 28 (복수동,2층)",2019-11-11
379,2009-09-29,차차차노래연습장,대전광역시 서구 문정로150번길 8 (탄방동),2019-11-11
380,2009-11-17,쇼노래연습장,"대전광역시 서구 복수동로 60, 3층 (복수동)",2019-11-11
381,2009-11-18,호박노래연습장,"대전광역시 서구 탄방로7번길 61, 지하층 (탄방동)",2019-11-11
382,2009-12-02,락 노래연습장,"대전광역시 서구 문정로122번길 9 (탄방동,지하)",2019-11-11
383,2009-12-11,꽃 노래연습장,"대전광역시 서구 문정로170번길 44 (둔산동,지하)",2019-11-11
384,2009-12-28,가보자 노래연습장,"대전광역시 서구 도산로 378, 2층 (용문동)",2019-11-11
385,2010-01-04,시티노래연습장,"대전광역시 서구 문정로170번길 19, 지하층 (둔산동)",2019-11-11
386,2010-01-11,필 노래연습장,"대전광역시 서구 둔산로31번길 32 (둔산동,3층)",2019-11-11
387,2010-01-11,맘마미아노래연습장,"대전광역시 서구 둔산대로117번길 95 (만년동,리더스빌딩 F동 101호)",2019-11-11
388,2010-01-22,쇼 노래연습장,"대전광역시 서구 용문로 35-6 (괴정동,3층)",2019-11-11
389,2010-02-26,K2 노래연습장,"대전광역시 서구 월평중로 8, 지하층 (월평동)",2019-11-11
390,2010-04-21,황진이 노래연습장,"대전광역시 서구 둔산로31번길 28, 5층 (둔산동)",2019-11-11
391,2010-04-26,카라노래연습장,"대전광역시 서구 남선로59번길 36, 지하층 (탄방동)",2019-11-11
392,2010-05-07,쿡 노래연습장,"대전광역시 서구 갈마중로 11, 지하층 (갈마동)",2019-11-11
393,2010-05-28,락노래연습장,"대전광역시 서구 도솔로 131 (도마동,2층, 3층)",2019-11-11
394,2010-05-28,쿡노래연습장,대전광역시 서구 탄방로7번길 45 (탄방동),2019-11-11
395,2010-06-17,대박노래연습장,"대전광역시 서구 갈마중로 13 (갈마동,지하)",2019-11-11
396,2010-07-06,럭셔리노래연습장,"대전광역시 서구 관저동로99번길 24, 지하층 (관저동)",2019-11-11
397,2010-07-14,필노래연습장,"대전광역시 서구 신갈마로 175 (갈마동,지하)",2019-11-11
398,2010-07-21,미샵 노래연습장,"대전광역시 서구 괴정로 147 (용문동,지하)",2019-11-11
399,2010-07-29,후 노래연습장,대전광역시 서구 관저중로96번길 88 (관저동),2019-11-11
400,2010-08-20,필 노래연습장,"대전광역시 서구 정림동로5번길 36 (정림동,지하)",2019-11-11
401,2010-09-03,참 노래연습장,"대전광역시 서구 신갈마로 153 (갈마동,지하)",2019-11-11
402,2010-10-11,당근노래연습장,"대전광역시 서구 갈마중로 33 (갈마동,지하)",2019-11-11
403,2010-10-13,콜 노래연습장,"대전광역시 서구 도솔로 372, 3층 (괴정동)",2019-11-11
404,2010-10-14,썸 노래연습장,"대전광역시 서구 관저중로84번길 42, 지하층 (관저동)",2019-11-11
405,2010-10-28,수노래연습장,대전광역시 서구 갈마중로7번길 8 (갈마동),2019-11-11
406,2010-11-04,텐프로 노래연습장,"대전광역시 서구 남선로9번길 63-11 (탄방동,지하)",2019-11-11
407,2010-11-10,럭셔리노래연습장,"대전광역시 서구 월평로 57, 4층 (월평동)",2019-11-11
408,2010-11-12,필 노래연습장,"대전광역시 서구 월평로 71, 지하층 (월평동)",2019-11-11
409,2010-12-03,1박2일 노래연습장,"대전광역시 서구 문정로89번길 32, 2층 (탄방동, JK빌딩)",2019-11-11
410,2010-12-08,쉐이리노래연습장,"대전광역시 서구 둔산로 32-21 (둔산동,3층)",2019-11-11
411,2010-12-16,꿈노래연습장,"대전광역시 서구 문정로170번길 24, 지하층 (둔산동)",2019-11-11
412,2010-12-24,수 노래연습장,"대전광역시 서구 월평중로13번길 22 (월평동,3층)",2019-11-11
413,2010-12-24,궁 노래연습장,"대전광역시 서구 관저중로84번길 9-11, 지하층 (관저동)",2019-11-11
414,2010-11-30,K2 노래연습장,"대전광역시 서구 둔산로218번길 16 (둔산동,지하1)",2019-11-11
415,2011-01-14,퀸 노래연습장,대전광역시 서구 용문로 35-10 (괴정동),2019-11-11
416,2011-02-13,필노래연습장,대전광역시 서구 둔산중로134번길 21 (둔산동),2019-11-11
417,2011-02-16,퀸 노래연습장,"대전광역시 서구 갈마중로 6, 지하호 (갈마동)",2019-11-11
418,2011-02-28,필 노래연습장,"대전광역시 서구 탄방로7번길 40, 지하층 (탄방동)",2019-11-11
419,2011-03-15,궁 노래연습장,"대전광역시 서구 정림로77번길 1, 2층 (정림동)",2019-11-11
420,2011-04-04,달 노래연습장,"대전광역시 서구 복수동로 64, 3층 (복수동)",2019-11-11
421,2011-04-21,큐노래연습장,"대전광역시 서구 갈마로 66 (갈마동,2층)",2019-11-11
422,2011-04-25,불 노래연습장,"대전광역시 서구 관저동로105번길 42, 지하1층 (관저동)",2019-11-11
423,2011-05-06,수 노래연습장,"대전광역시 서구 용문로 41-88 (괴정동,5층)",2019-11-11
424,2011-05-20,케이투 노래연습장,"대전광역시 서구 갈마중로 34, 2층 (갈마동)",2019-11-11
425,2011-06-02,올래 노래연습장장,"대전광역시 서구 탄방로7번길 80 (탄방동,지하호)",2019-11-11
426,2011-06-22,샾노래연습장,"대전광역시 서구 신갈마로 156-8, 지하층 (갈마동)",2019-11-11
427,2011-06-24,애플 노래연습장,대전광역시 서구 도솔로 389 (괴정동),2019-11-11
428,2011-07-13,스카이 노래연습장,"대전광역시 서구 갈마중로 48 (갈마동,지하)",2019-11-11
429,2011-07-26,올스타노래연습장,"대전광역시 서구 도산로369번길 66 (괴정동,2층)",2019-11-11
430,2011-07-29,궁노래연습장,"대전광역시 서구 신갈마로 142-4, 지하층 (갈마동)",2019-11-11
431,2011-08-09,애플 노래연습장,"대전광역시 서구 문정로 138 (탄방동,4층)",2019-11-11
432,2011-08-19,로또노래연습장,"대전광역시 서구 월평서로6번길 80 (월평동,지하1)",2019-11-11
433,2011-09-02,별 노래연습장,"대전광역시 서구 월평중로 20, 지하층 (월평동)",2019-11-11
434,2011-09-27,씽 노래연습장,"대전광역시 서구 월평중로14번길 6, 2층 (월평동)",2019-11-11
435,2011-10-28,퐁당노래연습장,"대전광역시 서구 대덕대로195번길 55, 3층 (둔산동)",2019-11-11
436,2011-11-17,럭키세븐노래연습장,"대전광역시 서구 탄방로7번길 41 (탄방동,지하1)",2019-11-11
437,2011-11-21,큐 노래연습장,"대전광역시 서구 둔산로31번길 39, 4층 (둔산동)",2019-11-11
438,2011-11-22,또와 노래연습장,"대전광역시 서구 동서대로 1031, 2층 (내동)",2019-11-11
439,2011-12-05,락 노래연습장,대전광역시 서구 신갈마로 193 (갈마동),2019-11-11
440,2011-12-20,썬 노래연습장,대전광역시 서구 도솔로 204 (변동),2019-11-11
441,2011-12-28,킹콩 노래연습장,"대전광역시 서구 탄방로7번길 42, 지하층 (탄방동)",2019-11-11
442,2012-01-06,째즈노래연습장,"대전광역시 서구 계룡로620번길 23, 2층 (용문동)",2019-11-11
443,2012-01-10,궁 노래연습장,"대전광역시 서구 도안북로93번길 25, 501호 (도안동)",2019-11-11
444,2012-02-15,락 노래연습장,대전광역시 서구 도안북로93번길 10-11 (도안동),2019-11-11
445,2012-03-05,수 노래연습장,"대전광역시 서구 도안남로 145, 3층 (관저동, 성광타워)",2019-11-11
446,2012-03-06,썬 노래연습장,대전광역시 서구 갈마중로50번길 28 (갈마동),2019-11-11
447,2012-03-28,꿈 노래연습장,"대전광역시 서구 도안북로93번길 20-5, 4층 (도안동)",2019-11-11
448,2012-05-14,수 노래연습장,"대전광역시 서구 도안북로 101, 303호 (도안동, 도안타워)",2019-11-11
449,2012-05-17,꿈 노래연습장,대전광역시 서구 도산로369번길 72 (괴정동),2019-11-11
450,2012-06-28,큐노래연습장,"대전광역시 서구 가장로 85, 2층 (괴정동)",2019-11-11
451,2012-07-12,도레미노래연습장,"대전광역시 서구 신갈마로 71, 3층 (갈마동)",2019-11-11
452,2012-07-27,타임 노래연습장,"대전광역시 서구 대덕대로185번길 45, 3층 (둔산동)",2019-11-11
453,2012-07-27,수2 노래연습장,대전광역시 서구 문정로170번길 190 (둔산동),2019-11-11
454,2012-10-31,샤방샤방노래연습장,"대전광역시 서구 둔산로 134, 2층 (둔산동)",2019-11-11
455,2012-12-14,큐노래연습장,"대전광역시 서구 월평중로13번길 14, 지하층 (월평동)",2019-11-11
456,2013-01-18,필노래연습장,"대전광역시 서구 가장로 84, 2층 (괴정동)",2019-11-11
457,2013-01-29,수노래연습장,"대전광역시 서구 계룡로509번길 45, 5층 (탄방동)",2019-11-11
458,2013-04-25,락 노래연습장,"대전광역시 서구 도산로 335, 2층 (용문동)",2019-11-11
459,2013-05-07,큰마을 노래연습장,"대전광역시 서구 대덕대로 150 (갈마동, 경성큰마을 상가 지하2)",2019-11-11
460,2013-06-05,까꿍 노래연습장,"대전광역시 서구 대덕대로162번길 15, 지하층 (갈마동)",2019-11-11
461,2013-06-28,별빛노래연습장,"대전광역시 서구 관저북로13번길 5, 5층 501호 (관저동)",2019-11-11
462,2013-07-05,퀸노래연습장,"대전광역시 서구 둔산로51번길 80, 2층 (둔산동)",2019-11-11
463,2013-07-30,궁노래연습장,"대전광역시 서구 복수동로 56, 3층 (복수동)",2019-11-11
464,2013-09-10,힐링노래연습장,"대전광역시 서구 대덕대로151번길 23, 지하층 (갈마동)",2019-11-11
465,2013-11-26,힐링 노래연습장,"대전광역시 서구 신갈마로211번길 10-10, 지하호 (갈마동)",2019-11-11
466,2014-01-15,퀸 노래연습장,"대전광역시 서구 탄방로7번길 86, 지하층 (탄방동)",2019-11-11
467,2014-04-23,K2 노래연습장,"대전광역시 서구 문정로10번길 50, 2층 (탄방동)",2019-11-11
468,2014-05-30,락노래연습장,"대전광역시 서구 가장로 83, 2층 (괴정동)",2019-11-11
469,2014-08-18,쇼 노래연습장,"대전광역시 서구 동서대로 1086, 3층 (변동)",2019-11-11
470,2014-11-06,큐노래연습장,"대전광역시 서구 계백로 1145, 5층 (가수원동)",2019-11-11
471,2014-11-26,THE 노래연습장,"대전광역시 서구 만년로67번길 34-11, 3층 (만년동)",2019-11-11
472,2015-03-11,수 노래연습장,"대전광역시 서구 도안동로11번길 42, 3층 (가수원동)",2019-11-11
473,2015-06-04,젬 노래연습장,"대전광역시 서구 관저로 133, 지하호 (관저동)",2019-11-11
474,2015-06-15,엣지 노래연습장(둔산점),"대전광역시 서구 대덕대로195번길 20, 2층 (둔산동)",2019-11-11
475,2015-07-31,더엣지 노래연습장,"대전광역시 서구 대덕대로195번길 20, 3층 (둔산동)",2019-11-11
476,2015-09-08,코인싱어 동전노래연습장(목대점),"대전광역시 서구 도안북로93번길 10-19, 3층 (도안동)",2019-11-11
477,2015-09-21,싱어 노래연습장,"대전광역시 서구 원도안로 16, 5층 (가수원동)",2019-11-11
478,2015-10-26,코인잼 노래연습장,"대전광역시 서구 둔지로 22, 2층 (둔산동)",2019-11-11
479,2015-10-28,썸코인노래연습장,"대전광역시 서구 월평북로 90, 2층 (월평동)",2019-11-11
480,2015-12-02,싱통방통 노래연습장,"대전광역시 서구 둔지로 22, 1층 (둔산동)",2019-11-11
481,2016-02-17,썸 노래연습장,"대전광역시 서구 가장로 93, 2층 (괴정동)",2019-11-11
482,2016-05-20,파워 노래연습장,"대전광역시 서구 갈마중로50번길 18, 지하호 (갈마동)",2019-11-11
483,2016-06-01,탑 노래연습장,"대전광역시 서구 도솔로 374, 4층 (괴정동)",2019-11-11
484,2016-08-01,K2노래연습장,"대전광역시 서구 도안동로11번길 22, 302호 (가수원동, 썬앤문)",2019-11-11
485,2016-08-19,세븐스타코인 노래연습장 대전둔산점,"대전광역시 서구 둔산남로 98-17, 3층 (탄방동)",2019-11-11
486,2016-09-08,락 노래연습장,"대전광역시 서구 도안동로11번길 48, 3층 (가수원동, 유앤아이프라자)",2019-11-11
487,2016-09-09,콜 노래연습장,"대전광역시 서구 도안동로11번길 10, 401호 (가수원동)",2019-11-11
488,2016-09-27,싱통방통뮤직카페 노래연습장,"대전광역시 서구 둔지로 20, 2층 (둔산동)",2019-11-11
489,2016-11-14,명품 노래연습장,"대전광역시 서구 월평로 64, 지하1층 (월평동, 구성빌딩)",2019-11-11
490,2016-11-21,아카펠라 동전 노래연습장,"대전광역시 서구 관저중로95번길 105, 지하1층 (관저동)",2019-11-11
491,2016-12-27,흥부 노래연습장,"대전광역시 서구 관저북로13번길 23-12, 401호 (관저동)",2019-11-11
492,2017-01-05,슈퍼스타코인 노래연습장,"대전광역시 서구 둔산로 32-17, 2,3층 (둔산동)",2019-11-11
493,2017-01-11,오투 노래연습장,"대전광역시 서구 도안동로11번길 16, 503호 (가수원동, 백유빌딩)",2019-11-11
494,2017-01-20,필코인 노래연습장,"대전광역시 서구 관저로 171, 지하1층 (관저동)",2019-11-11
495,2017-01-31,매드락코인 노래연습장,"대전광역시 서구 계백로 1149, 303호 (가수원동, 효진빌딩)",2019-11-11
496,2017-02-24,케이팝스타 코인노래연습장,"대전광역시 서구 관저동로 88, 201호 (관저동, 관저빌딩)",2019-11-11
497,2017-03-17,오케이코노동전 노래연습장,"대전광역시 서구 복수남로 29, 지하층 (복수동)",2019-11-11
498,2017-05-15,츄 코인노래연습장,"대전광역시 서구 갈마로 68, 2층 (갈마동)",2019-11-11
499,2017-10-20,코인싱어동전 노래연습장,"대전광역시 서구 둔산남로105번길 18, 2층 (둔산동)",2019-11-11
500,2017-11-10,욜로코인 노래연습장,"대전광역시 서구 복수남로 52, 지하층 (복수동)",2019-11-11
501,2017-12-04,달 노래연습장,"대전광역시 서구 도안동로11번길 32, 302호 (가수원동)",2019-11-11
502,2017-12-18,엔젤스코인 노래연습장,"대전광역시 서구 갈마로 262, 501동 지하호 (내동, 맑은아침 아파트)",2019-11-11
503,2018-01-04,별동전 노래연습장,"대전광역시 서구 복수중로 62, 3층 (복수동)",2019-11-11
504,2018-01-05,소리질러코인 노래연습장,"대전광역시 서구 청사로 120, 108호 (월평동)",2019-11-11
505,2018-01-22,유스타코인 노래연습장,"대전광역시 서구 도안북로93번길 10-7, 1층 (도안동)",2019-11-11
506,2018-05-14,내맘대로코인 노래연습장,"대전광역시 서구 도안동로11번길 54, 203호 (가수원동)",2019-11-11
507,2018-05-28,퍼스트 노래연습장,"대전광역시 서구 월평로 64, 지하층 101호 (월평동)",2019-11-11
508,2018-07-09,노래야노래야 코인노래연습장,"대전광역시 서구 갈마로 65, 2층 (갈마동)",2019-11-11
509,2018-11-22,필코인 노래연습장,"대전광역시 서구 둔산로31번길 51, 201호 (둔산동)",2019-11-11
510,2018-12-20,쿵스코인 노래연습장,"대전광역시 서구 둔산로 32-30, 4층 (둔산동)",2019-11-11
511,2018-12-21,세븐스타코인 노래연습장 대전선사점,"대전광역시 서구 월평북로 91, 2층 (월평동)",2019-11-11
512,2019-03-08,엔젤스코인노래연습장,"대전광역시 서구 둔산남로 98-14, 3층 (탄방동)",2019-11-11
513,2019-03-18,락휴코인노래연습장,"대전광역시 서구 도안동로11번길 33, 럭키프라자2 303호 (가수원동)",2019-11-11
,,,,
