연번,업소명,업소도로명주소,지정일자
1,쌩큐마트,대전광역시 서구 만년로 12. 1층 (만년동),2019-07-30
2,우리마켓,대전광역시 서구 계백로 1111. 상가동 101. 102호 (가수원동. 대전도안엘에이치천년나무행복1단지),2019-07-30
3,벌말마트,대전광역시 서구 복수동로73번길 16. 101호 (복수동),2019-07-25
4,지에스25 관저더샵점,대전광역시 서구 구봉산북로 52. 상가동 106호 (관저동. 관저더샵2차),2019-07-18
5,다모아 토바코,대전광역시 서구 둔산남로 97. 101호 (둔산동),2019-07-17
6,(주)동진에스앤씨,대전광역시 서구 탄방로 106. 1층 (용문동),2019-07-17
7,후레쉬정우마트주식회사,대전광역시 서구 복수동로51번길 22. 정우빌딩 (복수동),2019-07-12
8,(주)지에스리테일 GS25 둔산파크,대전광역시 서구 둔산로73번길 37. 1층 (둔산동),2019-07-10
9,씨스페이스(탄방점),대전광역시 서구 문정로122번길 34. 101호 (탄방동),2019-07-04
10,세븐일레븐 대전갈마타운점,대전광역시 서구 대덕대로168번길 58. 101호 (갈마동),2019-07-02
11,타임 전자담배,대전광역시 서구 둔지로 38. 104호 (둔산동. 플로채),2019-06-27
12,지에스25(GS25) 경성스카이,대전광역시 서구 괴정로11번길 95. 1층 (갈마동),2019-06-24
13,씨유대전관저느리울점,대전광역시 서구 관저동로 88. 관저빌딩 103호 (관저동),2019-06-24
14,씨유 대전둔산서로점,대전광역시 서구 둔산서로 33. 1층 (둔산동),2019-06-24
15,주식회사 필식자재마트,대전광역시 서구 갈마로 33 (갈마동),2019-06-21
16,지에스25(GS25) 관저대자연점,대전광역시 서구 관저북로 52. 106. 107호 (관저동. 대자연마을아파트),2019-06-18
17,파라다이스마트,대전광역시 서구 관저로 177-43. B101. B102호 (관저동),2019-06-11
18,미니스톱 관저중앙점,대전광역시 서구 관저동로105번길 49. 1층 (관저동),2019-06-04
19,(주)코리아세븐 대전타임월드점,대전광역시 서구 둔산로31번길 39. 1층 (둔산동),2019-05-22
20,와우헤어,대전광역시 서구 계룡로354번길 81. 유원빌 1층 (갈마동),2019-05-21
21,휴리움행정사공인중개사사무소,대전광역시 서구 신갈마로 186. 상가동 122호 (갈마동. 갤러리휴리움),2019-05-16
22,꽃보다마트,대전광역시 서구 유등로 437. 1층 (가장동),2019-05-13
23,지에스25(GS25)대전만년점,대전광역시 서구 둔산대로117번길 66. 101호 (만년동),2019-05-09
24,달달양말,대전광역시 서구 관저중로95번길 99. 108호 (관저동),2019-05-08
25,대산컴퓨터자수타올(송림송월),대전광역시 서구 벌곡로 1381 (가수원동),2019-05-02
26,씨유월평원룸점,대전광역시 서구 월평중로24번길 48. 1층 (월평동),2019-04-29
27,지에스25(GS25)월평중앙점,대전광역시 서구 월평중로 2 (월평동),2019-04-25
28,이마트24 대전탄방KT점,대전광역시 서구 문정로48번길 30. KTF대전사옥 1층 (탄방동),2019-04-23
29,지에스25(GS25)대전관저점,대전광역시 서구 관저동로 89 (관저동),2019-04-18
30,가온마트,대전광역시 서구 관저동로 41 (관저동),2019-04-17
31,대전환전소중국식품,대전광역시 서구 월평중로 7 (월평동),2019-04-17
32,씨유변동중앙점,대전광역시 서구 배재로 231. 성우맨션 1층 (변동),2019-04-16
33,세븐일레븐 대전괴정골드점,대전광역시 서구 괴정로 131. 101호 (괴정동),2019-04-16
34,씨유 대전탄방시티점,대전광역시 서구 계룡로509번길 7. 1층 102-1. 102-2호 (탄방동. 시티빌1),2019-04-11
35,세븐일레븐 대전월평로점,대전광역시 서구 월평로14번길 7 (월평동),2019-04-09
36,홈플러스익스프레스 대전갈마점,대전광역시 서구 갈마중로 12 (갈마동),2019-04-09
37,(주)코리아세븐 둔산수정점,대전광역시 서구 대덕대로185번길 27 (둔산동),2019-04-08
38,장터할인마트 자연계란,대전광역시 서구 용소로 49. 1층 (가수원동),2019-04-08
39,갈마 전자담배 멀티샵,대전광역시 서구 신갈마로 148-3. 1층 2호 (갈마동),2019-04-04
40,지에스25(GS25)관저느리울점,대전광역시 서구 관저동로 66. 애드피아빌딩 103호 (관저동),2019-03-27
41,지에스25(GS25) 원앙베스트점,대전광역시 서구 관저북로 78. 상가동 108호 (관저동),2019-03-27
42,다경물류스카이마트 주식회사,대전광역시 서구 관저북로 19. 1층 (관저동),2019-03-20
43,지에스25(GS25)둔산로데오점,대전광역시 서구 문정로 77. 로데오 타운 141호 (탄방동),2019-03-19
44,지에스(GS)25 가수원중앙점,대전광역시 서구 가수원로 106. 7동 208호 (가수원동. 은아아파트3단지),2019-03-15
45,씨스페이스 로또명당점,대전광역시 서구 관저로129번길 3. 1층 (관저동),2019-03-15
46,이마트24 대전변동스타점,대전광역시 서구 변동로 85. 1층 (변동),2019-03-15
47,청솔홈마트,대전광역시 서구 둔산로 223. 상가동 B01호 (둔산동. 청솔아파트),2019-03-15
48,대박마트 관저점,대전광역시 서구 관저로 47. 지하1호 (관저동),2019-03-11
49,코러스마트,대전광역시 서구 문정로10번길 48. 1층 (탄방동),2019-03-11
50,대전스타베이프 둔산점,대전광역시 서구 대덕대로195번길 63. 106호 (둔산동),2019-03-07
51,주식회사 리치코리아,대전광역시 서구 계룡로 398. 해상수산 105호 (갈마동),2019-03-05
52,지에스25 복수계룡점,대전광역시 서구 복수서로 10. 상가동 202. 203호 (복수동. 계룡아파트),2019-02-27
53,씨유 목원대생활관점,대전광역시 서구 도안북로 88. 목원대학교생활관 1층 (도안동),2019-02-27
54,대전스타베이프 탄방점,대전광역시 서구 문정로 124. 1층 (탄방동),2019-02-25
55,합자회사 도마동종합상가,대전광역시 서구 도산로 41. 1층 (도마동),2019-02-25
56,씨스페이시스 대전월평본점,대전광역시 서구 월평로37번길 21. 1층 (월평동),2019-02-20
57,(주)코리아세븐둔산타운점,대전광역시 서구 둔산로 32-30. 1층 (둔산동),2019-02-01
58,(주)코리아세븐대전시청점,대전광역시 서구 둔산중로40번길 19. 청암빌딩 1층 (둔산동),2019-02-01
59,태양공구,대전광역시 서구 동서대로 1073 (내동),2019-01-31
60,씨유(CU)갈마서부점,대전광역시 서구 갈마중로 13 (갈마동),2019-01-29
61,쌍용할인마트,대전광역시 서구 갈마로103번길 36. 102.104.106.107호 (갈마동. 쌍용아파트),2019-01-28
62,씨유대전도마농도,대전광역시 서구 조달청길 76. 1층 (도마동),2019-01-22
63,씨유대전관저대룡점,대전광역시 서구 구봉산북로21번길 2. 104호 (관저동),2019-01-22
64,주식회사 두리유통 장호원점,대전광역시 서구 문정로 131. 지하1층 (탄방동. 공작한양아파트),2019-01-18
65,굿모닝마트,대전광역시 서구 도마로 59. 103호 (변동. 모닝빌아파트),2019-01-16
66,녹원할인마트,대전광역시 서구 둔산남로 30. 상가동 110.111.112호 (둔산동. 녹원아파트),2019-01-14
67,베스트25가장점,대전광역시 서구 도산로314번길 50. 1층 (가장동),2019-01-11
68,감귤마트,대전광역시 서구 원도안로224번안길 6-4. 1층 (도안동),2019-01-11
69,가수원 전자담배,대전광역시 서구 도안동로 3. 리더스프라자에이 1층 109호 (가수원동),2019-01-07
70,이마트24대전괴정영진점,대전광역시 서구 괴정로8번길 1. 1층 (괴정동),2019-01-07
71,아이텔세탁소,대전광역시 서구 둔산로 133. 현대아이텔 1층 119호 (둔산동),2019-01-07
72,지에스(GS)25 둔산청솔점,대전광역시 서구 둔산로 223. 상가동 106.107.108호 (둔산동. 청솔아파트),2018-12-28
73,(주)코리아세븐 대전변동점,대전광역시 서구 동서대로 1085. 1층 (내동),2018-12-20
74,세븐일레븐 대전월평타운점,대전광역시 서구 월평서로6번길 71 (월평동),2018-12-19
75,(주)코리아세븐 갈마2점,대전광역시 서구 갈마중로 7 (갈마동),2018-12-14
76,계룡마트,대전광역시 서구 가수원로 91-4 (가수원동),2018-12-12
77,아이마트,대전광역시 서구 유등로 515-13. 1층 (용문동),2018-12-12
78,씨유대전갈마사랑점,대전광역시 서구 대덕대로 149. 1층 (갈마동),2018-12-03
79,세븐일레븐대전탄방로얄점,대전광역시 서구 계룡로629번길 66. A동 101호 (탄방동),2018-11-28
80,세븐일레븐 대전관저리틀점,대전광역시 서구 관저중로96번길 12. 1층 (관저동),2018-11-27
81,씨유대전가수원계룡점,대전광역시 서구 가수원로 98. 상가동 1층 1호 (가수원동. 계룡아파트),2018-11-26
82,세븐일레븐 대전도마중앙점,대전광역시 서구 사마1길 41 (도마동),2018-11-15
83,탑플러스마트,대전광역시 서구 원도안로179번길 5 (도안동),2018-11-12
84,빈티지오브제,대전광역시 서구 구봉산북로7번길 55. 1층 101호 (관저동),2018-11-02
85,씨유(CU)대전갈마초점,대전광역시 서구 월평동로 5-4 (월평동),2018-10-26
86,바낙스대전점,대전광역시 서구 계룡로339번길 7 (월평동),2018-10-22
87,GS25대전베스트,대전광역시 서구 신갈마로 91 (갈마동),2018-10-22
88,이마트24대전관저구봉점,대전광역시 서구 관저로 46. 구봉마을 7단지 주상가동 1층 102호 (관저동),2018-10-16
89,참조은마트둔산점,대전광역시 서구 문예로 174. 지하층 (둔산동. 샘머리아파트),2018-10-11
90,씨유둔산향촌점,대전광역시 서구 갈마역로 25. 1층 (갈마동),2018-10-01
91,주식회사 엘케이팜 대전청사점,대전광역시 서구 청사로 234. 1층 101호 (둔산동),2018-09-27
92,자연애마트,대전광역시 서구 원도안로224번안길 6-12 (도안동),2018-09-27
93,스마일마트,대전광역시 서구 계룡로 382-7. 1층 (갈마동),2018-09-17
94,GS25목원대사랑점,대전광역시 서구 도안북로 101. 도안타워 108호 (도안동),2018-09-17
95,이마트24대전용문역점,대전광역시 서구 계룡로 647. 101호 (용문동),2018-09-17
96,씨유갈마도서관점,대전광역시 서구 신갈마로 63 (갈마동),2018-09-13
97,이마트24대전괴정백운점,대전광역시 서구 계룡로562번길 61. 1층 (괴정동),2018-09-13
98,큐브네트웍스,대전광역시 서구 계룡로576번길 5. 102호 (괴정동),2018-09-06
99,장터할인마트,대전광역시 서구 관저중로95번길 52. 1층 (관저동),2018-09-06
100,씨유대전삼성생명점,대전광역시 서구 한밭대로 755. 1층 (둔산동),2018-08-30
101,동부마트,대전광역시 서구 청사서로 32. 1층 (월평동),2018-08-30
102,캐피탈편의점,대전광역시 서구 한밭대로 797. 지하 1층 (둔산동),2018-08-28
103,더(The)좋은마트,대전광역시 서구 관저중로95번길 24. 1층 (관저동),2018-08-23
104,GS25탄방중앙점,대전광역시 서구 도솔로 445 (탄방동),2018-08-22
105,에제르커피,대전광역시 서구 대덕대로242번길 48. 1층 (둔산동),2018-08-22
106,씨유대전괴정점,대전광역시 서구 도솔로 373. 1층 (괴정동),2018-08-17
107,세븐일레븐성가정점,대전광역시 서구 탄방로 12. 104호 (탄방동. 네스트빌),2018-08-17
108,행복드림마트,대전광역시 서구 문정로112번안길 32. 1층 (탄방동),2018-07-30
109,아라마크(주),대전광역시 서구 한밭대로 733. 대전둔산경찰서 (둔산동),2018-07-24
110,우리식자재마트,대전광역시 서구 둔지로 64. 1층 (둔산동),2018-07-23
111,둔산동 전자담배,대전광역시 서구 둔산남로 85. 크레온오피스텔 101호 (둔산동),2018-07-20
112,리더스,대전광역시 서구 도안동로 9. 리더스프라자비 502호 (가수원동),2018-07-19
113,이마트24대전탄방빌리지점,대전광역시 서구 남선로 29. 1층 (탄방동),2018-07-18
114,이마트24 대전관저타워점,대전광역시 서구 도안남로 137. 미소타워 103호 (관저동),2018-07-18
115,GS25갈마중앙점,대전광역시 서구 신갈마로113번길 28 (갈마동),2018-07-13
116,한아름꽃집,대전광역시 서구 신갈마로 155. 1층 (갈마동),2018-07-12
117,씨유 대전월평초점,대전광역시 서구 월평서로 8. 101호 (월평동),2018-07-12
118,GS25만년중앙점,대전광역시 서구 만년남로3번길 46-3 (만년동),2018-07-11
119,한길마트 관저점,대전광역시 서구 관저서로 19. 106호 (관저동. 관저더샵),2018-07-09
120,지에스25둔산드림점,대전광역시 서구 둔산남로179번길 7. 1층 (둔산동),2018-07-05
121,The 좋은마트,대전광역시 서구 관저남로12번길 11. 1층 (관저동),2018-07-05
122,애쓰다smoke,대전광역시 서구 둔산중로 54. 센티온빌딩 109호 (둔산동),2018-07-04
123,GS25 갈마스타점,대전광역시 서구 대덕대로161번길 13 (갈마동),2018-06-29
124,온누리 상품권,대전광역시 서구 둔산북로 36. 1층 103호 (둔산동),2018-06-29
125,미림할인마트,대전광역시 서구 관저서로 24. 지하1층 (관저동),2018-06-26
126,땡보네(아이스크림&세계맥주할인전문점),대전광역시 서구 관저로 172. 103호 (관저동),2018-06-25
127,(주)쌍방울 정림위탁상설점,대전광역시 서구 정림로 60 (정림동),2018-06-25
128,패밀리식자재마트,대전광역시 서구 청사로 120. 지하1층 (월평동),2018-06-25
129,바르다모바일 내동점,대전광역시 서구 동서대로 1001-1. 1층 (내동),2018-06-20
130,씨아이씨(CIC),대전광역시 서구 둔지로 19. 2층 201호 (둔산동. 갤러리아타운),2018-06-19
131,지에스수퍼마켓관저북로점,대전광역시 서구 관저북로 21 (관저동),2018-06-18
132,씨유대전괴정온누리점,대전광역시 서구 갈마로245번길 3. 지하층 C101호 (괴정동. 나이스타운),2018-06-18
133,이마트24 대전갈마미래점,대전광역시 서구 대덕대로135번길 19. 1층 (갈마동),2018-06-18
134,여기마트죠,대전광역시 서구 문정로2번길 95. 주안빌딩 106.107호 (탄방동),2018-06-08
135,GS25관저하늘,대전광역시 서구 관저중로95번길 105. 105호 (관저동),2018-06-07
136,영마트24,대전광역시 서구 갈마로 217. 1층 (괴정동),2018-06-07
137,미니스톱대전다온점,대전광역시 서구 신갈마로155번길 38. 1층 (갈마동),2018-06-07
138,계룡마트(도안점),대전광역시 서구 원도안로179번길 76-3. 그레이스빌 1층 (도안동),2018-06-01
139,KC할인마트,대전광역시 서구 대덕대로195번길 64. 카이로스빌딩 1층 (둔산동),2018-05-23
140,이마트24 대전탄방퍼스트점,대전광역시 서구 문정로2번길 127. 126호 (탄방동. 더 퍼스트 주상복합 아파트),2018-05-23
141,미니슈퍼,대전광역시 서구 계백로 1465. 1층 (도마동),2018-05-23
142,지에스25 관저9단지점,대전광역시 서구 관저서로 24. 상가동 103. 104호 (관저동),2018-05-21
143,우리동네 주유소,대전광역시 서구 청사로 224 (둔산동),2018-05-14
144,더조은마트,대전광역시 서구 대덕대로 150. 149동 지하1층 (갈마동. 큰마을아파트),2018-05-10
145,비타크린간판,대전광역시 서구 변동중로 71-3 (변동),2018-05-01
146,지에스25 갈마드림점,대전광역시 서구 갈마로 13-32 (갈마동),2018-04-26
147,씨유(CU) 뉴둔산월드점,대전광역시 서구 대덕대로233번길 20. 1층 (둔산동),2018-04-19
148,행복드림마트,대전광역시 서구 도산로282번길 54 (가장동),2018-04-16
149,원앙슈퍼,대전광역시 서구 관저북로 87. 1층 105호 (관저동. 원앙마을 1단지),2018-04-05
150,동화공인중개사사무소,대전광역시 서구 계룡로264번길 4 (월평동. 월평타운),2018-04-02
151,지에스25관저리슈빌점,대전광역시 서구 관저동로90번길 15. 상가동 103.104호 (관저동. 관저리슈빌),2018-04-02
152,씨유 대전변동향우점,대전광역시 서구 변동로 39 (변동),2018-03-30
153,향촌마트,대전광역시 서구 둔산로 15. 상가동 지하층 1호 (둔산동. 향촌아파트),2018-03-28
154,씨유 대전로데오점,대전광역시 서구 둔산남로 96. E.플러스빌딩 1층 103호 (탄방동),2018-03-22
155,에브리데이365정림점,대전광역시 서구 정림로 55. 지하층 101호 (정림동. 우성아파트1차),2018-03-21
156,씨유 둔산스마일점,대전광역시 서구 둔산로 136. 둔산타워 1층 102호 (둔산동),2018-03-18
157,관저대박공인중개사사무소,대전광역시 서구 관저로14번길 40. 비젼9 103호 (관저동),2018-03-12
158,CU대전정림사랑점,대전광역시 서구 정림로 55. 상가동 111.112.113호 (정림동. 우성아파트1차),2018-03-12
159,주식회사 제이앤에스마트도안점,대전광역시 서구 원도안로 51. 성광타워 113. 비01. 104. 105호 (가수원동),2018-03-12
160,(주)영마트 관저점,대전광역시 서구 구봉산북로 255 (관저동),2018-03-05
161,씨유 탄방주공점,대전광역시 서구 탄방로 53. 민승빌 1층 (탄방동),2018-02-28
162,장태산매점,대전광역시 서구 장안로 485 (장안동),2018-02-28
163,전자담배도마점,대전광역시 서구 배재로 116. 1층 102호 (도마동),2018-02-24
164,GS25 탄방한우리,대전광역시 서구 문정로90번길 57. 아이앤디 프라자 1층 106호 (탄방동),2018-02-21
165,씨유 대전탄방역점,대전광역시 서구 문정로48번길 지하 19. 탄방역 지하층 (탄방동),2018-02-14
166,지에스(GS)25 괴정고,대전광역시 서구 가장로 16 (괴정동),2018-02-08
167,목화할인마트,대전광역시 서구 계룡로354번길 106 (갈마동),2018-02-07
168,미니샵앤샵(MINI shop&shop),대전광역시 서구 복수동로 21-19. 상가동 1층 104호 (복수동. 초록마을1단지),2018-02-07
169,씨유 대전도마스타점,대전광역시 서구 계백로 1426. 114.115호 (도마동. 도마동써머스빌주상복합),2018-02-05
170,씨유 대전관저스타점,대전광역시 서구 도안남로 119. 1층 (관저동),2018-02-05
171,주식회사 지와이슈퍼마켓,대전광역시 서구 도산로 252 (가장동),2018-01-30
172,씨유 가수원형준사랑점,대전광역시 서구 도안동로11번길 32. 금성빌딩 105호 (가수원동),2018-01-31
173,금산철물건재,대전광역시 서구 동서대로 1116 (변동),2018-01-29
174,이마트24 대전용문점,대전광역시 서구 괴정로 151. 1층 105호 (용문동),2018-01-24
175,갈마복지매장,대전광역시 서구 갈마로85번길 19. 1층 101호 (갈마동),2018-01-22
176,지에스(GS)25정림플러스,대전광역시 서구 정림로77번길 1 (정림동),2018-01-22
177,지에스25둔산검찰청점,대전광역시 서구 둔산로123번길 43. KD빌딩 1층 (둔산동),2018-01-22
178,이마트24 대전월평타운점,대전광역시 서구 계룡로264번길 28-26 (월평동),2018-01-18
179,참 좋은,대전광역시 서구 원도안로 13-26. 1층 (가수원동),2018-01-12
180,상아정슈퍼,대전광역시 서구 대덕대로 415. 102호 (만년동. 상아아파트),2018-01-05
181,태양부동산중개사무소,대전광역시 서구 관저동로 99. 102호 (관저동),2018-01-05
182,콜마트,대전광역시 서구 갈마로 13-31. 2층 (갈마동),2018-01-03
183,우리할인마트,대전광역시 서구 청사로 5. 상가동 지하층 비102호 (월평동. 하나로아파트),2017-12-28
184,세븐일레븐 대전용문타운점,대전광역시 서구 괴정로 181. 1층 (용문동),2017-12-21
185,GS25 대전월평점,대전광역시 서구 월평동로 45. 1층 (월평동. 진달래아파트),2017-12-18
186,지에스25 월평주공점,대전광역시 서구 월평북로 11. 1층 102호 (월평동. 주공아파트),2017-12-18
187,데크라인건설,대전광역시 서구 제비네4길 81 (도마동),2017-12-18
188,지에스25 관저예미지점,대전광역시 서구 관저중로 33. 105호 (관저동. 관저예미지 명가의 풍경),2017-12-11
189,씨유괴정한민점,대전광역시 서구 괴정로116번길 41. 101호 (괴정동),2017-12-11
190,큐엘와이 프레쉬(QLY Fresh),대전광역시 서구 한밭대로 지하 595. 월평역 지하1층 (월평동),2017-12-11
191,정림스토아 내동점,대전광역시 서구 신갈마로 46. 상가동 지하층 1호 (내동. 롯데아파트),2017-12-04
192,이마트24 대전괴정베스트점,대전광역시 서구 가장로 36. 1층 (괴정동),2017-12-04
193,빅마트,대전광역시 서구 가수원로 72. 나동 지하층 1호 (가수원동),2017-11-28
194,(주)정림스토아 정림점,대전광역시 서구 정림로 56-10. 지하층 (정림동. 정림프라자),2017-11-28
195,씨유 대전만년강변점,대전광역시 서구 만년로 25. 101호102호 (만년동. 강변아파트),2017-11-23
196,지에스25 갈마중문,대전광역시 서구 계룡로320번길 40. 1층 101호 (갈마동. 사랑아트빌라),2017-11-23
197,세븐일레븐 대전월평진달래점,대전광역시 서구 월평동로 45. 1층 (월평동. 진달래아파트),2017-11-21
198,이마트24 대전건양타워점,대전광역시 서구 관저동로 170. 115호 (관저동. 건양타워),2017-11-13
199,웰마트,대전광역시 서구 괴정로 72. 1층 (괴정동. kt괴정빌딩),2017-11-10
200,지에스25 둔산제일,대전광역시 서구 대덕대로249번길 30. 1층 105호 (둔산동),2017-11-07
201,씨유 대전도마태양점,대전광역시 서구 계백로 1401. 1층 (도마동),2017-11-06
202,블루오션텔레콤,대전광역시 서구 동서대로 981. 1층 101호 (내동),2017-11-01
203,래미안마트,대전광역시 서구 가장로 106. 달리상가동 1층 112호 (가장동. 삼성 래미안아파트),2017-10-27
204,파트너상사 서구청점,대전광역시 서구 둔산서로 100. 지하1층 (둔산동. 서구청),2017-10-20
205,뻐꾸기 복사,대전광역시 서구 계백로 1386 (도마동),2017-10-17
206,씨유(CU) 월평사랑점,대전광역시 서구 월평북로 27. 101호 (월평동),2017-10-13
207,씨유 대전월평타운점,대전광역시 서구 계룡로251번길 38. 1층 (월평동),2017-10-13
208,지에스25 괴정엘림점,대전광역시 서구 도솔로 303. 1층 (괴정동),2017-10-10
209,이마트24 대전관저타운점,대전광역시 서구 구봉산북로21번길 47. 1층 102호 (관저동),2017-09-29
210,지에스(GS)25 둔산햇님,대전광역시 서구 둔산북로 175. 상가동 111호 (둔산동. 햇님아파트),2017-09-28
211,미니스톱 대전도마점,대전광역시 서구 도산로 102 (도마동),2017-09-28
212,지에스25월평타운점,대전광역시 서구 월평서로6번길 26. 1층 (월평동),2017-09-27
213,씨유 대전내동스타점,대전광역시 서구 동서대로 957. 1층 (내동),2017-09-27
214,참조은마트,대전광역시 서구 가수원로 43 (가수원동. 규장각학원),2017-09-26
215,금실침구,대전광역시 서구 계룡로 661 (용문동),2017-09-26
216,시가통 내동점(전자),대전광역시 서구 동서대로 1030. 1층 103호 (내동),2017-09-25
217,이마트24 대전둔산시티점,대전광역시 서구 둔산남로91번길 16. 1층 (둔산동),2017-09-21
218,배재직판장,대전광역시 서구 배재로91번길 34. 2층 201호 (도마동),2017-09-18
219,더(THE)좋은마트,대전광역시 서구 계룡로629번길 42. 1층 (탄방동. 블루밍),2017-09-12
220,이마트24 대전관저느리울점,대전광역시 서구 관저동로90번길 47. 제분산상가동 1층 101호 (관저동. 느리울마을아파트11단지),2017-09-12
221,씨유 관저어반힐스점,대전광역시 서구 관저남로 80. 103.104호 (관저동),2017-09-08
222,송방마트,대전광역시 서구 도산로 11. 상가동 B7호 (도마동. 효성타운),2017-09-08
223,이마트24 월평중앙점,대전광역시 서구 계룡로231번길 9. 1층 (월평동),2017-09-05
224,씨앤와이(CNY명성),대전광역시 서구 둔산중로 19. 220호 (탄방동. 샤크존),2017-09-04
225,아이스크림할인점,대전광역시 서구 관저중로 98. 1층 7-3호 (관저동. 리틀파워존),2017-09-04
226,씨유 둔산소망점,대전광역시 서구 둔산로51번길 16. 1층 (둔산동),2017-09-01
227,관저더삽베스트공인중개사사무소,대전광역시 서구 계백로860번길 72. 1층 101호 (관저동. 코끼리),2017-09-01
228,드림마트,대전광역시 서구 계백로1158번길 100. 1층 (가수원동),2017-08-25
229,이마트24 R대전도안우미린점,대전광역시 서구 도안동로 77. 1층 101호 (가수원동),2017-08-24
230,정마트,대전광역시 서구 도산로 379 (용문동),2017-08-21
231,세븐일레븐 대전도안삼거리점,대전광역시 서구 원도안로241번길 8-34. 1층 101호 (도안동),2017-08-11
232,아이디어대전둔산,대전광역시 서구 둔지로 36. 102호 (둔산동),2017-08-11
233,CU 대전복수미르점,대전광역시 서구 복수동로 39-26. 상가동 1층 106호 (복수동. 초록마을3단지),2017-08-10
234,미니스톱 월평사랑점,대전광역시 서구 월평중로14번길 48. 1층 (월평동),2017-08-10
235,대전 전자담배,대전광역시 서구 대덕대로175번길 46. 1동 102호 (둔산동. 이노빌),2017-08-09
236,세븐일레븐 대전관저하늘점,대전광역시 서구 관저남로25번길 8-4 (관저동),2017-08-09
237,서부농협갈마지점,대전광역시 서구 계룡로 349 (갈마동),2017-07-31
238,탑플러스마트,대전광역시 서구 괴정로 168. 1층 103.104.105호 (가장동),2017-07-31
239,원앙하이퍼마켓,대전광역시 서구 관저북로 18. 상가동 111호 (관저동),2017-07-21
240,씨유 월평선사점,대전광역시 서구 청사로123번길 34. 1층 103호 (월평동),2017-07-26
241,CS텔레콤,대전광역시 서구 둔산북로 22. 1층 150호 (둔산동. 둔산라이프종합상가),2017-07-26
242,지에스25괴정힐링점,대전광역시 서구 가장로 51 (괴정동),2017-07-25
243,씨유 대전정림점,대전광역시 서구 정림동로 11. 1층 (정림동),2017-07-19
244,지에스25갈마하늘점,대전광역시 서구 계룡로342번길 122 (갈마동),2017-07-17
245,지에스25갈마으뜸점,대전광역시 서구 계룡로354번길 31 (갈마동),2017-07-17
246,씨유 대전관저원앙점,대전광역시 서구 관저북로13번길 5. 104호 (관저동. 대주프라자),2017-07-17
247,(주)코리아세븐 대전둔산한사랑점,대전광역시 서구 문예로 63. 1층 (둔산동. 행촌회관),2017-06-26
248,씨유 둔산을지점,대전광역시 서구 둔산로65번길 81. 103호 (둔산동),2017-06-23
249,금빛호수공인중개사사무소,대전광역시 서구 원도안로224번길 47-32. 1층 (도안동),2017-06-21
250,(주)코리아세븐 대전괴정원룸점,대전광역시 서구 도솔로328번길 24. 1층 (괴정동),2017-06-19
251,미니스톱 월평드림점,대전광역시 서구 월평로 40. 1층 105호 (월평동. 월드프라자),2017-06-19
252,세븐일레븐 대전럭키타운점,대전광역시 서구 도안동로11번길 25. 1층 118호 (가수원동. 럭키프라자),2017-06-19
253,이마트 24 둔산중앙점,대전광역시 서구 대덕대로185번길 62. 1층 106호 (둔산동. 더하임),2017-06-14
254,(주)코리아세븐 대전둔산카페점,대전광역시 서구 대덕대로249번길 15. 1층 (둔산동. 주차빌딩),2017-06-14
255,지에스25괴정스마트점,대전광역시 서구 괴정로76번길 23. 1층 (괴정동),2017-06-14
256,씨유 만년새천년점,대전광역시 서구 만년남로3번길 25 (만년동),2017-06-02
257,관저스카이공인중개사사무소,대전광역시 서구 관저남로83번길 3. 1층 102호 (관저동),2017-06-02
258,서부농협변동지점,대전광역시 서구 도산로 195 (변동),2017-06-02
259,씨유 둔산법원점,대전광역시 서구 둔산로137번길 36. 1층 (둔산동),2017-05-24
260,목화마트,대전광역시 서구 복수서로 50. B상가동 115.116호 (복수동. 삼익목화아파트),2017-05-18
261,지에스25목원대스타점,대전광역시 서구 도안북로117번길 18 (도안동),2017-05-18
262,지에스25월평스타점,대전광역시 서구 청사로 128. 1층 105호 (월평동),2017-05-18
263,CU대전도마복음점,대전광역시 서구 배재로 117. 상가동 101호 (도마동. 복음로얄아파트),2017-05-15
264,씨유 대전용문스타점,대전광역시 서구 용문로 61. 101.102호 (용문동. 신영 미소랑 아파트),2017-05-15
265,씨유 내동타운점,대전광역시 서구 배재로262번길 13. 101호 (내동),2017-05-12
266,휴대폰과 친구들,대전광역시 서구 복수동로 65. 101호 (복수동),2017-05-08
267,이마트24 대전탄방점,대전광역시 서구 문정로 84. 1층 103호 (탄방동),2017-05-01
268,GS25 가수원은아,대전광역시 서구 가수원로65번길 2 (가수원동),2017-04-27
269,대전중고나라 알뜰매장,대전광역시 서구 도산로 425. 1층 (탄방동),2017-04-27
270,지에스25탄방시티점,대전광역시 서구 문정로2번길 51. 125호126호 (탄방동. 시티빌 3차),2017-04-25
271,지에스25관저7단지점,대전광역시 서구 관저로 48. 분산상가동 101호 (관저동. 구봉마을7단지),2017-04-25
272,대흥나들마트,대전광역시 서구 도솔6길 37. 1층 (도마동),2017-04-20
273,와와민박농부가든,대전광역시 서구 장안로 452 (장안동),2017-04-20
274,세븐일레븐,대전광역시 서구 문정로170번길 207. 1층 (둔산동),2017-04-20
275,한밭부동산,대전광역시 서구 도솔로 67-1 (도마동. 신일주택),2017-04-20
276,씨유 대전가장점,대전광역시 서구 가장로 129 (가장동),2017-04-13
277,에바 전자담배 멀티샵 월평점,대전광역시 서구 월평로 84 (월평동),2017-04-12
278,세븐일레븐 대전갈마한빛점,대전광역시 서구 계룡로342번길 35 (갈마동),2017-04-05
279,지에스(GS)25 둔산을지점,대전광역시 서구 둔산로51번길 84 (둔산동),2017-04-04
280,해든마트8호점,대전광역시 서구 대덕대로161번길 28. 1층 (갈마동),2017-04-03
281,씨유 월평무지개점,대전광역시 서구 청사서로 11. 상가동 1층 103.104호 (월평동. 무지개아파트),2017-03-27
282,복드림마트,대전광역시 서구 원도안로 16. 107호 (가수원동. 지산프라자),2017-03-22
283,주식회사 홈세이브,대전광역시 서구 신갈마로 228 (갈마동),2017-03-22
284,지에스25S뉴용문역점,대전광역시 서구 계룡로 지하 644. 용문역 지하1층 (용문동. 용문역),2017-03-20
285,수할인마트,대전광역시 서구 도마로 125. 101호 (변동. 삼덕빌라트),2017-03-20
286,천지유통,대전광역시 서구 변동서로12번길 19 (변동),2017-03-15
287,어! 마트네,대전광역시 서구 조달청길 172. 1층 101호 (도마동),2017-03-09
288,시내버스승차권판매소,대전광역시 서구 청사로 70 (월평동. 누리아파트),2017-03-09
289,세븐일레븐 대전복수점,대전광역시 서구 오량2길 3. 1층 101.102호 (복수동),2017-03-08
290,포유(For You),대전광역시 서구 관저로 3-4. 1층 (관저동. 다온),2017-03-02
291,세븐일레븐 대전도안대학로점,대전광역시 서구 도안북로93번길 10-11. 103호 (도안동. 스타프라자),2017-02-28
292,씨유 대전괴정스타점,대전광역시 서구 괴정로16번길 24. 1층 (괴정동),2017-02-23
293,노다지복권방,대전광역시 서구 조달청길 62. 1층 1호 (도마동),2017-02-23
294,은아마트,대전광역시 서구 가수원로 72. 1층 101호 (가수원동. 은아아파트1단지),2017-02-23
295,팔복유통,대전광역시 서구 도안북로 88 (도안동. 목원대학교),2017-02-21
296,지에스25둔산리치점,대전광역시 서구 둔산중로 38. 107호 (둔산동. 둔산메트로존),2017-02-15
297,지에스25둔산보라점,대전광역시 서구 둔산로 240 (둔산동),2017-02-14
298,홈플러스 익스프레스 대전둔산점,대전광역시 서구 청사로 281. 1층 (둔산동. 샘머리아파트2단지),2017-02-13
299,THE 좋은마트,대전광역시 서구 중반7길 99 (변동),2017-02-07
300,롯데마켓999 대전만년가맹점,대전광역시 서구 만년남로11번길 42. 1층 (만년동),2017-02-07
301,GS25 대전 둔산점,대전광역시 서구 문정로 114 (탄방동),2017-02-02
302,계룡마트 도마점,대전광역시 서구 도마4길 20. 1층 (도마동),2017-01-25
303,리지할인마트가장,대전광역시 서구 가장로 143 (가장동),2017-01-23
304,지에스25내동빌리지점,대전광역시 서구 동서대로997번길 98 (내동),2017-01-19
305,전자담배&피규어샵,대전광역시 서구 관저중로64번길 34. 1층 604호 (관저동. 마코빌딩),2017-01-19
306,세븐일레븐 대전관저중앙점,대전광역시 서구 관저중로96번길 76 (관저동),2017-01-10
307,천사마트,대전광역시 서구 용문로 38. 1층 (괴정동),2017-01-10
308,서은마트 프라임,대전광역시 서구 신갈마로 129 (갈마동),2017-01-05
309,롯데마켓999둔산남로가맹점,대전광역시 서구 둔산남로9번길 39. 1층 (둔산동),2017-01-02
310,(주)코리아세븐 대전월평제일점,대전광역시 서구 한밭대로707번길 25 (월평동),2016-12-30
311,푸르지오마트,대전광역시 서구 계룡로326번길 17. 101호 (갈마동),2016-12-20
312,씨유 대전관저타운점,대전광역시 서구 구봉산북로280번길 10. 지하1층 (관저동),2016-12-20
313,대한종합상사,대전광역시 서구 월평서로 1-1. 1층 102호 (월평동),2016-12-16
314,로또복권방,대전광역시 서구 갈마중로 28 (갈마동),2016-12-14
315,동양철물건재,대전광역시 서구 복수남로 20. 1층 (복수동),2016-12-05
316,(주)코리아세븐 대전만년강변점,대전광역시 서구 만년로 20 (만년동),2016-11-28
317,한신할인마트,대전광역시 서구 계룡로536번길 10. 1층 (괴정동),2016-11-25
318,탐스팩토리,대전광역시 서구 둔산중로 8. 1층 (탄방동. 한국교직원공제회대전회관),2016-11-09
319,세븐일레븐 대전괴정타운점,대전광역시 서구 도솔로305번길 63 (괴정동),2016-11-09
320,주식회사 신선유통,대전광역시 서구 둔산로 220. 지하101층 (둔산동),2016-11-07
321,지에스25 변동스타,대전광역시 서구 배재로233번길 44. 1층 (변동),2016-11-04
322,에스마트,대전광역시 서구 신갈마로86번길 81 (갈마동),2016-10-28
323,강변마트,대전광역시 서구 만년남로11번길 85 (만년동),2016-10-28
324,세븐일레븐 대전괴정희망점,대전광역시 서구 괴정로 58. 1층 (괴정동),2016-10-26
325,GS25둔산스타,대전광역시 서구 둔산남로 104. 1층 (탄방동),2016-10-25
326,예스할인마트,대전광역시 서구 배재로91번길 21. 상가동 1.2.3.4호 (도마동. 럭키도마아파트),2016-10-21
327,지에스25S뉴정부청사역,대전광역시 서구 한밭대로 지하 744. 지하1층 (둔산동. 정부청사역),2016-10-19
328,뽕과일,대전광역시 서구 도산로 11. 109동 (도마동. 효성타운),2016-10-13
329,폰마트,대전광역시 서구 원도안로 43. 104호 (가수원동. 우미프라자),2016-10-10
330,베스트올 대전도솔점,대전광역시 서구 도솔로 19 (도마동),2016-10-07
331,지에스25가수원사랑,대전광역시 서구 벌곡로 1321-10. 1층 (가수원동),2016-10-07
332,CU 둔산녹원점,대전광역시 서구 계룡로491번길 8. 104-1호 (둔산동. 갤러리빌4차),2016-09-28
333,이마트24 대전괴정점,대전광역시 서구 용문로 35-23 (괴정동),2016-09-28
334,이마트24 목원대드림점,대전광역시 서구 도안북로118번길 3. 101호 (도안동),2016-09-27
335,다온마트,대전광역시 서구 구봉산북로 165. 상가동 1층 102.103.104호 (관저동. 다온숲3단지),2016-09-21
336,GS25관저천년나무,대전광역시 서구 구봉산북로 212. 상가동 1층 101.102.103호 (관저동. 관저5엘에이치천년나무),2016-09-09
337,방송국공인중개사,대전광역시 서구 만년로67번길 36-84 (만년동. 디지털타운1층),2016-09-09
338,미니스톱 월평본점,대전광역시 서구 월평로 57. 1층 (월평동. 태원빌딩),2016-09-02
339,씨유 대전가수원타운점,대전광역시 서구 용소로46번길 101 (가수원동),2016-09-02
340,(주)코리아세븐 대전만년본점,대전광역시 서구 만년로67번길 30 (만년동),2016-08-29
341,씨유 괴정원룸점,대전광역시 서구 괴정로115번길 23. 1층 (괴정동),2016-08-26
342,GS25 탄방탑스빌,대전광역시 서구 문정로2번길 113. 103호 (탄방동. 탑스빌),2016-08-26
343,지티 엔터프라이즈(전자),대전광역시 서구 월평로 20-1 (월평동),2016-08-24
344,세븐일레븐,대전광역시 서구 구봉산북로15번길 19 (관저동),2016-08-22
345,씨유 도안리슈빌점,대전광역시 서구 도안동로 123. 101.102호 (도안동. 도안리슈빌아파트),2016-08-18
346,씨유 대전복수스타점,대전광역시 서구 복수남로 55. 1층 (복수동),2016-08-16
347,모터스편의점,대전광역시 서구 월드컵대로484번길 45 (월평동),2016-08-03
348,GS25월평다모아,대전광역시 서구 월평동로 83 (월평동. 다모아아파트 상가동 109호),2016-08-01
349,노다지슈터,대전광역시 서구 도산로207번길 43 (변동),2016-07-28
350,서라벌마트,대전광역시 서구 월평로34번길 13 (월평동),2016-07-22
351,청솔수예점,대전광역시 서구 도마5길 12 (도마동),2016-07-19
352,벽산마트늘푸른지하점,대전광역시 서구 정림로 11 (정림동. 늘푸른아파트),2016-07-19
353,씨스페이스 대전괴정점,대전광역시 서구 괴정로 114. 103호 (괴정동),2016-07-06
354,로그인편의점(도안·가수원점),대전광역시 서구 용소로46번길 32. 1층 101호 (가수원동),2016-07-04
355,로그인 서대전점,대전광역시 서구 계백로828번길 16 (관저동),2016-06-30
356,세븐일레븐둔산점,대전광역시 서구 둔산남로 190 (탄방동),2016-06-29
357,괴정153,대전광역시 서구 계룡로576번길 28 (괴정동),2016-06-22
358,연합편의점,대전광역시 서구 계룡로 619. 1층 (탄방동. 연합병원),2016-06-22
359,프로통신,대전광역시 서구 구봉로 137. 102호 (관저동),2016-06-21
360,세븐일레븐 대전탄방중앙점,대전광역시 서구 탄방로 50-30 (탄방동. 광명빌),2016-06-17
361,가수원철물,대전광역시 서구 벌곡로 1373-1 (가수원동),2016-06-16
362,GS25 둔산한마루,대전광역시 서구 둔산북로 160. 101~102호 (둔산동. 한마루아파트상가),2016-06-16
363,유등슈퍼,대전광역시 서구 조달청길 188 (도마동),2016-06-09
364,GS25 도안아이파크,대전광역시 서구 도안동로 183. 102호 (도안동. 도안아이파크아파트),2016-06-09
365,레드버켓 대전 시청점,대전광역시 서구 둔산중로 50. 114호 (둔산동. 파이낸스빌딩),2016-06-09
366,동산마트,대전광역시 서구 용화2길 22 (도마동),2016-06-03
367,대원산업,대전광역시 서구 계백로860번길 8. 1층 (관저동),2016-05-25
368,한마음마트,대전광역시 서구 괴정로 203. 104호 (용문동. 덕일한마음아파트),2016-05-25
369,GS25시 월평사랑점,대전광역시 서구 월평로 72 (월평동. 비플랜빌딩),2016-05-25
370,GS25 한밭고,대전광역시 서구 계룡로354번길 166 (갈마동),2016-05-18
371,365홈마트,대전광역시 서구 신갈마로211번길 21 (갈마동. 문희마드레빌),2016-05-18
372,빅쎄일마트,대전광역시 서구 월평동로 83. 종합상가동 지하층 비1.비1-1호 (월평동. 다모아아파트),2016-05-17
373,GS25 대전복수점,대전광역시 서구 복수동로 40 (복수동),2016-05-16
374,씨유 도안한라비발디점,대전광역시 서구 도안북로 136. 106.107호 (도안동. 한라비발디),2016-05-12
375,GS25 탄방개나리,대전광역시 서구 계룡로509번길 41. 1층 (탄방동),2016-05-11
376,GS25 관저프라디움,대전광역시 서구 관저남로 11-1 (관저동),2016-05-02
377,디자인공작소,대전광역시 서구 둔산중로78번길 26. 105호 (둔산동),2016-04-29
378,맛깔참죽 대청병원점,대전광역시 서구 혜천로 15. 1층 102호 (정림동),2016-04-19
379,(주)이마트에브리데이 관저효성점,대전광역시 서구 관저동로 12. 101~104호 (관저동. 효성해링턴플레이스),2016-04-15
380,황실담배,대전광역시 서구 청사로 지하 65. 27호 (월평동. 황실타운아파트),2016-04-15
381,스모킹카페 둔산점(전자),대전광역시 서구 대덕대로233번길 28. 7층 (둔산동. 국제빌딩),2016-04-15
382,GS 탄방스타,대전광역시 서구 탄방로7번길 71 (탄방동. 다함빌딩),2016-04-08
383,씨유 도안수목토점,대전광역시 서구 도안동로 177. 107-3호 (도안동. 도안신도시 수목토아파트),2016-03-29
384,씨유 배재대점,대전광역시 서구 배재로197번길 27-53. 1층 (도마동. 배재빌딩),2016-03-29
385,씨유 둔산사랑점,대전광역시 서구 둔산로51번길 38. 1층 101호 (둔산동),2016-03-25
386,세븐일레븐 대전용문대로점,대전광역시 서구 도산로 342. 1층 (용문동),2016-03-23
387,월평매점,대전광역시 서구 월드컵대로 486 (월평동),2016-03-18
388,둔산밸리공인중개사사무소,대전광역시 서구 갈마역로 22. 102호 (둔산동. 리베라스위트빌),2016-03-17
389,소영슈퍼,대전광역시 서구 갈마로 60-18 (갈마동),2016-03-14
390,GS25 둔산향촌점,대전광역시 서구 둔지로 52. 101호 (둔산동. 갤러리빌7차),2016-03-08
391,성원종합유통,대전광역시 서구 관저동로90번길 47. 상가동 101호 (관저동. 느리울마을아파트11단지),2016-03-08
392,CU 목원대중앙도서관점,대전광역시 서구 도안북로 88 (도안동. 목원대학교),2016-03-07
393,GS25 둔산녹원점,대전광역시 서구 문정로9번길 41. 1층 (둔산동),2016-03-07
394,GS25 둔산애플점,대전광역시 서구 대덕대로 179. 107호 (둔산동. 엠제이피부과굿모닝어학원),2016-02-29
395,GS25 내동롯데,대전광역시 서구 신갈마로 46. 상가동 110호 (내동. 롯데아파트),2016-02-29
396,씨유 복수마루미점,대전광역시 서구 복수중로 30. 105.106호 (복수동. 오량마을마루미아파트),2016-02-19
397,주식회사 정치망,대전광역시 서구 도안대로 47 (관저동),2016-02-19
398,씨유탄방중앙점,대전광역시 서구 문정로10번길 52 (탄방동),2016-02-19
399,크린에이트 만년점,대전광역시 서구 만년로68번길 38. 1층 (만년동),2016-02-19
400,해맑음,대전광역시 서구 장안로 693 (장안동),2016-02-15
401,로다통신,대전광역시 서구 갈마로 251. 108호 (괴정동. 한민쇼핑),2016-02-02
402,계룡낚시,대전광역시 서구 월평로13번길 96. 1층 (월평동),2016-02-01
403,효성스토아,대전광역시 서구 대신4길 52 (도마동),2016-01-19
404,씨유 대전가장타운점,대전광역시 서구 괴정로 192. 1층 (가장동. 팬텀하우스),2016-01-18
405,이마트24 대전도마점,대전광역시 서구 도솔로 56. 1층 (도마동),2016-01-18
406,월평프라자,대전광역시 서구 월평서로 21 (월평동),2016-01-14
407,세븐일레븐 대전배재학사점,대전광역시 서구 도학3길 48 (도마동),2015-12-31
408,더 좋은 마트,대전광역시 서구 문정로90번길 73 (탄방동),2015-12-31
409,K마트,대전광역시 서구 탄방로 60 (탄방동),2015-12-28
410,세븐일레븐 대전용문무지개점,대전광역시 서구 도산로370번길 20 (용문동. 대호아트빌),2015-12-14
411,한진마트,대전광역시 서구 사마1길 11. 1층 (도마동),2015-12-08
412,가람마트,대전광역시 서구 둔산북로 215. 108호 (둔산동. 가람아파트),2015-12-07
413,GS25 대전스카이점,대전광역시 서구 신갈마로181번길 50 (갈마동),2015-11-27
414,사단법인 한국신체장애인복지회,대전광역시 서구 월평중로 21. 5층 (월평동. 한국마사회 빌딩),2015-11-25
415,씨유 대전시청역점,대전광역시 서구 둔산중로 지하 55. 1층 (둔산동. 시청역),2015-11-23
416,사회적협동조합품앗이마을 탄방지점,대전광역시 서구 문정로 41. 1층 (탄방동. SKT 둔산사옥),2015-11-11
417,미노유통,대전광역시 서구 계백로1286번길 122. 1층 (정림동),2015-11-11
418,우리홈마트,대전광역시 서구 괴정로134번길 23. 1층 102호 (가장동),2015-11-02
419,씨유 대전전자타운점,대전광역시 서구 계룡로629번길 5. 1층 (탄방동),2015-11-02
420,케이마트,대전광역시 서구 문예로 16. 지하층 1호 (탄방동. 한가람아파트),2015-10-28
421,일광종합상사,대전광역시 서구 둔산중로72번길 32. 108호 (둔산동. 아크로프라자),2015-10-28
422,혜천마트,대전광역시 서구 복수남로 50 (복수동),2015-10-21
423,시가통닷컴(전자),대전광역시 서구 도산로 415 (탄방동),2015-10-14
424,씨유 둔산꿈나무점,대전광역시 서구 청사로 253. 102호 (둔산동. 꿈나무아파트),2015-10-08
425,GS25 갈마빌리지,대전광역시 서구 갈마역로25번길 73. 102호 (갈마동),2015-10-08
426,GS 둔산법원점,대전광역시 서구 둔산로137번길 27 (둔산동),2015-09-22
427,씨유대전쌍용점,대전광역시 서구 갈마로103번길 17. 102호 (갈마동. 해오름빌),2015-09-14
428,보떼화장품 정림점,대전광역시 서구 정림동로5번길 11 (정림동),2015-09-10
429,삼구할인마트,대전광역시 서구 괴정로 28 (괴정동),2015-09-10
430,씨유 대전갈마스타점,대전광역시 서구 월평동로26번길 40. 1층 (갈마동),2015-09-07
431,세븐일레븐 대전갈마로점,대전광역시 서구 갈마로 125 (갈마동),2015-08-27
432,씨유 대전갈마시티점,대전광역시 서구 계룡로394번길 50. 1층 103.104호 (갈마동),2015-08-11
433,탑(PLUS)마트,대전광역시 서구 배재로 186. 1층 (도마동),2015-08-04
434,씨유 대전월평스타점,대전광역시 서구 대덕대로 325 (월평동),2015-08-03
435,이(e-)편한마트,대전광역시 서구 도안남로 149 (관저동),2015-08-03
436,한아름,대전광역시 서구 대신1길 43 (도마동),2015-07-30
437,씨유 둔산점,대전광역시 서구 대덕대로175번길 50. 1층 (둔산동. 나이스진상가),2015-07-30
438,세븐일레븐 대전둔산주은점,대전광역시 서구 둔산중로 138. 103호 (둔산동),2015-07-29
439,씨유대전관저구봉점,대전광역시 서구 관저남로25번길 23-52 (관저동),2015-07-21
440,GS25가장래미안점,대전광역시 서구 가장로 106 (가장동. 삼성래미안아파트 재해리상가동 101호),2015-07-20
441,이마트24 대전도마경남점,대전광역시 서구 배재로 155-7. 1층 4호 (도마동. 경남상가),2015-07-13
442,(주)코리아세븐서구만년점,대전광역시 서구 만년남로11번길 56. 1층 (만년동),2015-07-07
443,GS25타임월드점,대전광역시 서구 둔산로 32-17. 1층 (둔산동),2015-07-02
444,로얄간이매점,대전광역시 서구 도산로 64. 3층 (도마동),2015-07-02
445,모든통신,대전광역시 서구 도산로 140. 1층 (도마동),2015-06-29
446,세븐일레븐대전둔산여고후문점,대전광역시 서구 갈마역로25번길 23 (갈마동),2015-06-16
447,정림에너지,대전광역시 서구 계백로 1277 (정림동),2015-06-12
448,생활용품할인마트,대전광역시 서구 도산로 372 (용문동),2015-06-08
449,GS25둔산플러스,대전광역시 서구 둔산중로14번길 36. 125호 (탄방동. 하이플러스),2015-05-29
450,복수BYC,대전광역시 서구 복수동로 50 (복수동),2015-05-27
451,전자담배멀티샵,대전광역시 서구 도안남로 145. 101호 (관저동),2015-05-27
452,GS25괴정타운,대전광역시 서구 괴정로98번길 1 (괴정동),2015-05-20
453,(주)코리아세븐 둔산아르누보점,대전광역시 서구 둔산중로 20. 1층 129. 130호 (탄방동. 나비가아르누보팰리스),2015-05-15
454,CU내동플라워점,대전광역시 서구 도솔로252번길 49. 1층 103호 (내동),2015-05-13
455,세븐일레븐대전갈마둔원점,대전광역시 서구 갈마로147번길 57 (갈마동),2015-05-11
456,우리마트,대전광역시 서구 배재로232번길 16. 101호 (변동. 정우빌),2015-04-28
457,허니,대전광역시 서구 문정로 148. 102호 (탄방동. 굿앤월드빌딩),2015-04-28
458,씨유둔산목련스타점,대전광역시 서구 둔산남로 127. 105호 (둔산동. 목련아파트 중앙상가),2015-04-28
459,늘푸른1차매장,대전광역시 서구 동서대로 1008 (내동),2015-04-22
460,원조옛날삼겹살,대전광역시 서구 도솔로 358 (괴정동),2015-04-13
461,한길할인마트,대전광역시 서구 계룡로251번길 15. 1층 (월평동),2015-04-08
462,굿마트,대전광역시 서구 계백로1158번길 11 (가수원동),2015-04-03
463,GS25대전정림점,대전광역시 서구 정림동로 1 (정림동),2015-03-31
464,기성농협평촌지점,대전광역시 서구 길마루길 10 (평촌동),2015-03-26
465,CU갈마행복점,대전광역시 서구 계룡로354번길 56. 1층 (갈마동),2015-03-19
466,도안수부동산 공인중개사사무소,대전광역시 서구 용소로 39 (가수원동),2015-03-19
467,(주)코리아세븐 대전정부청사점,대전광역시 서구 청사로 189 (둔산동),2015-03-16
468,그린팩토리,대전광역시 서구 갈마로 15. 102호 (갈마동),2015-03-12
469,그랜드마트,대전광역시 서구 괴정로133번길 51 (괴정동),2015-03-12
470,대왕철물공구,대전광역시 서구 도산로 455 (탄방동),2015-03-10
471,농심유통,대전광역시 서구 변동로 75. 102.107.108호호 (변동),2015-03-06
472,벽산마트,대전광역시 서구 정림서로 134-20 (정림동),2015-03-05
473,우리마트,대전광역시 서구 배재로 44 (도마동),2015-03-05
474,전자담배,대전광역시 서구 갈마로 231 (괴정동),2015-03-05
475,CU 괴정센터점,대전광역시 서구 계룡로 544-1 (괴정동),2015-03-03
476,둥지홈마트,대전광역시 서구 청사로 254 (둔산동),2015-03-03
477,씨스페이시스 대전월평점,대전광역시 서구 청사서로 14 (월평동),2015-02-27
478,GS25뉴남선파크,대전광역시 서구 유등로655번길 27. 1층 (탄방동),2015-02-24
479,도마시장 스토아,대전광역시 서구 도마시장2길 8 (도마동),2015-02-09
480,씨유 대전탄방남선점,대전광역시 서구 남선로 59 (탄방동),2015-02-06
481,(주)아이비푸드 대전도시철도공사 매점,대전광역시 서구 월드컵대로 480. 지하층 (월평동),2015-02-06
482,GS25 내동굿모닝,대전광역시 서구 갈마로 262. 503동 101호 (내동. 맑은아침아파트 상가),2015-01-30
483,예스모바일,대전광역시 서구 오량1길 40. 102호 (복수동),2015-01-22
484,저스코전자담배 배재대점,대전광역시 서구 도솔로 119 (도마동),2015-01-22
485,새론마트,대전광역시 서구 월평로13번길 44 (월평동),2015-01-21
486,에브리데이 365,대전광역시 서구 정림서로138번길 14 (정림동),2015-01-21
487,그린편의점,대전광역시 서구 도산로181번길 2. 1층 (변동),2015-01-21
488,베스트전자담배,대전광역시 서구 도솔로 383 (괴정동),2015-01-21
489,세이브텔레콤,대전광역시 서구 신갈마로 122. 1층 (갈마동),2015-01-20
490,(사)마사동우회 대전3층매점,대전광역시 서구 월평중로 21 (월평동),2015-01-15
491,체리쉬,대전광역시 서구 갈마로245번길 15 (괴정동),2015-01-13
492,행복드림마트,대전광역시 서구 괴정로149번길 27 (용문동),2015-01-02
493,디케이 베이프(전자),대전광역시 서구 계룡로 526 (괴정동),2014-12-30
494,코코마트(주),대전광역시 서구 도안북로 103. 101~113호 (도안동),2014-12-24
495,코리아세븐 대전복수원룸점,대전광역시 서구 복수동로66번길 23 (복수동),2014-12-24
496,부산슈퍼,대전광역시 서구 벌곡로 387 (평촌동),2014-12-19
497,세븐일레븐 대전가수원대로점,대전광역시 서구 계백로 1145. 107호 (가수원동),2014-12-17
498,씨유 대전탄방타운점,대전광역시 서구 유등로655번길 16. 1층 (탄방동),2014-12-05
499,이파드전자담배,대전광역시 서구 도솔로 318 (괴정동),2014-12-05
500,(주)에스와이에스리테일 둔산점(전자),대전광역시 서구 대덕대로 234. 3층 (둔산동),2014-12-02
501,곰패밀리,대전광역시 서구 괴정로 45 (탄방동),2014-12-02
502,J전자담배,대전광역시 서구 탄방로7번길 34 (탄방동),2014-12-01
503,판다중고폰,대전광역시 서구 도솔4길 24. 1층 (도마동),2014-11-25
504,세븐일레븐 정림제일점,대전광역시 서구 정림로 10. 103호 (정림동),2014-11-21
505,친철할인마트,대전광역시 서구 가수원로 95 (가수원동),2014-11-18
506,전자담배VIP,대전광역시 서구 한밭대로 701 (월평동),2014-11-17
507,GS25내동센터,대전광역시 서구 동서대로 1023 (내동),2014-11-14
508,대전전자담배아메리퀴드월평점,대전광역시 서구 월평북로 91 (월평동),2014-11-12
509,(주)이마트에브리데이 대전관저점,대전광역시 서구 관저중로 70. 101. 102호 (관저동),2014-11-07
510,전자담배멀티스토어,대전광역시 서구 문예로 61 (둔산동),2014-11-06
511,The좋은마트,대전광역시 서구 계룡로491번길 28. 1층 (둔산동),2014-11-05
512,대산슈퍼,대전광역시 서구 제비네6길 28 (도마동),2014-11-04
513,씨유 갈마위너스점,대전광역시 서구 대덕대로168번길 22. 101호 (갈마동),2014-10-27
514,엘지도마센타,대전광역시 서구 도마6길 194 (도마동),2014-10-23
515,(주)8282퀵서비스배달대행,대전광역시 서구 계백로 1454 (도마동),2014-10-23
516,다니엘 베가 전자담배 대전 서구점,대전광역시 서구 갈마로 212. 101호 (내동),2014-10-23
517,시스향료,대전광역시 서구 동서대로 1029-1 (내동),2014-10-22
518,대전퀸비전자담배만년점,대전광역시 서구 대덕대로 366 (만년동),2014-10-17
519,GS25갈마계룡로,대전광역시 서구 계룡로349번길 10 (갈마동),2014-10-17
520,대전전자담배아메리퀴드 도안점,대전광역시 서구 동서대로 688. 104호 (도안동),2014-10-10
521,미학할인마트,대전광역시 서구 계룡로342번길 68 (갈마동),2014-10-10
522,(주)도안홈마트,대전광역시 서구 도안북로93번길 26-21 (도안동),2014-10-10
523,K-마트,대전광역시 서구 도마6길 120 (도마동),2014-10-10
524,극진,대전광역시 서구 도솔로 498 (용문동),2014-10-02
525,지에스25탄방드림점,대전광역시 서구 남선로60번길 31 (탄방동),2014-10-02
526,GS25 배재스타,대전광역시 서구 배재로91번길 51-2 (도마동),2014-09-19
527,(주)코리아세븐 대전둔산남로점,대전광역시 서구 둔산남로105번길 28 (둔산동),2014-09-19
528,GS25복수리슈빌점,대전광역시 서구 복수남로12번길 44 (복수동),2014-09-19
529,유케이통신,대전광역시 서구 신갈마로 209. 1동 2호 (갈마동),2014-09-18
530,미니스톱 목원대후문점,대전광역시 서구 도안북로118번길 51 (도안동),2014-09-02
531,초록슈퍼,대전광역시 서구 괴정로 199. 103호 (용문동),2014-08-21
532,세븐일레븐 대전둔산센터점,대전광역시 서구 둔산로73번길 21. 101호 (둔산동),2014-08-21
533,(주)코리아세븐 대전둔산사랑점,대전광역시 서구 둔산중로46번길 30. 1층 (둔산동),2014-08-08
534,씨유 목원대학사점,대전광역시 서구 도안북로118번길 26. 1층 (도안동),2014-08-07
535,대전퀸비전자담배 도안가수원점,대전광역시 서구 도안동로 6. 104호 (가수원동),2014-08-06
536,이마트24 대전월평점,대전광역시 서구 월평중로13번길 17 (월평동),2014-07-31
537,세븐일레븐 대전목원대원룸점,대전광역시 서구 도안북로118번길 81. 101호 (도안동),2014-07-31
538,세븐일레븐 대전관저마치점,대전광역시 서구 관저로 142. 105호 (관저동),2014-07-24
539,조은유통,대전광역시 서구 계룡로583번길 9. 5층 (탄방동),2014-07-08
540,태양당시계,대전광역시 서구 도마2길 34 (도마동),2014-07-03
541,이츠마트 내동점,대전광역시 서구 도산로253번길 51. 지하1층 (내동),2014-07-02
542,광통신,대전광역시 서구 괴정로 107. 105.106호 (괴정동),2014-07-01
543,우리할인마트,대전광역시 서구 신갈마로209번길 54 (갈마동),2014-06-27
544,대전전자담배멀티샵,대전광역시 서구 둔산북로 22. 148호 (둔산동),2014-06-26
545,싱싱한과일,대전광역시 서구 용문로 99 (용문동),2014-06-23
546,(주)코리아세븐 대전관저느리울점,대전광역시 서구 관저동로 47-3 (관저동),2014-06-20
547,보람전기조명,대전광역시 서구 도산로 112 (도마동),2014-06-18
548,(주)신흥주방,대전광역시 서구 계백로 1177 (가수원동),2014-06-18
549,갤러리,대전광역시 서구 둔산로 18. 709호 (둔산동),2014-06-12
550,세븐일레븐 대전탄방하늘점,대전광역시 서구 남선로23번길 30 (탄방동),2014-06-12
551,하나마트,대전광역시 서구 계룡로562번길 25. 1층 (괴정동),2014-06-11
552,대전축산업협동조합 도안동지점 하나로마트,대전광역시 서구 도안중로305번길 6 (도안동),2014-05-23
553,GS25 도안빌리지,대전광역시 서구 도안동로31번길 12-3 (가수원동),2014-05-19
554,머리하는날,대전광역시 서구 갈마로 13-28 (갈마동),2014-05-16
555,대전과일,대전광역시 서구 원도안로 187. 101호 (도안동),2014-05-15
556,세븐일레븐 대전용문뉴타운점,대전광역시 서구 괴정로 163 (용문동),2014-05-13
557,이마트24 대전갈마행복점,대전광역시 서구 계룡로 379-12 (갈마동),2014-05-02
558,CU대전복수타운점,대전광역시 서구 복수남로12번길 3. 1층 (복수동),2014-04-02
559,승차권판매소,대전광역시 서구 청사로 281 (둔산동. 앞 보도),2014-03-24
560,갈마홈마트,대전광역시 서구 대덕대로 131. 1층 (갈마동),2014-03-14
561,하카전자담배 대전갈마점,대전광역시 서구 신갈마로 224. 103호 (갈마동),2014-03-12
562,선영상사,대전광역시 서구 도솔로296번길 45. 101.102호 (괴정동),2014-03-07
563,플러스마트,대전광역시 서구 가장로 61. 1층 (괴정동),2014-02-25
564,미니스톱 과기대학사점,대전광역시 서구 복수동로52번길 136 (복수동),2014-02-20
565,세븐일레븐 대전월평원룸점,대전광역시 서구 월평새뜸로4번길 113 (월평동),2014-02-12
566,지에스(GS)25 배재중앙,대전광역시 서구 도솔4길 10 (도마동),2014-02-12
567,하나로,대전광역시 서구 청사로 281 (둔산동),2014-01-21
568,CU둔산마치점,대전광역시 서구 둔산중로64번길 20 (둔산동),2014-01-06
569,우리할인마트,대전광역시 서구 복수동로52번길 102 (복수동),2013-12-26
570,(주)아워홈맘초이대전무역회관점,대전광역시 서구 청사로 136 (월평동),2013-12-12
571,미니스톱둔산행복점,대전광역시 서구 갈마역로 16 (둔산동),2013-12-05
572,(주)가온아이티,대전광역시 서구 도산로393번길 14-8 (탄방동),2013-11-22
573,한마음마트,대전광역시 서구 문정로 32 (탄방동),2013-11-22
574,추모공원매점,대전광역시 서구 상보안윗길 160 (괴곡동),2013-11-21
575,용문도매마트,대전광역시 서구 도산로370번길 54 (용문동),2013-11-07
576,새천년마트,대전광역시 서구 계룡로367번길 76 (갈마동),2013-11-04
577,(주)코리아세븐 대전관저대자연점,대전광역시 서구 관저북로51번길 7-3 (관저동),2013-10-30
578,용이산업,대전광역시 서구 도산로 432 (용문동. 1층),2013-10-25
579,씨유 대전우미린사랑점,대전광역시 서구 용소로12번길 5 (가수원동. 1층),2013-10-17
580,주식회사포도힐,대전광역시 서구 도산로 169  (변동),2013-10-14
581,세븐일레븐대전호텔그레이톤점,대전광역시 서구 둔산중로 70 (둔산동),2013-09-26
582,주식회사 귀빈장마트,대전광역시 서구 도마로 33 (도마동),2013-09-26
583,힐링 다인,대전광역시 서구 도산로349번길 65 (괴정동),2013-09-26
584,하나마트,대전광역시 서구 갈마로 262 (내동),2013-09-16
585,CU둔산샘머리점,대전광역시 서구 문예로 174 (둔산동),2013-09-11
586,MG마트,대전광역시 서구 정림동로7번길 22,2013-09-05
587,뉴신화슈퍼,대전광역시 서구 도산로 129 (도마동. 1층),2013-09-05
588,한독공구철물,대전광역시 서구 가수원로 37  (가수원동),2013-08-30
589,GS25괴정중앙점,대전광역시 서구 도산로341번길 49 (괴정동),2013-08-26
590,엠제이유통,대전광역시 서구 계룡로 634 (용문동),2013-08-14
591,롯데마켓999 대덕대로 가맹점,대전광역시 서구 대덕대로175번길 60. 104. 105호 (둔산동. 메르하우젠),2013-08-01
592,텐미닛마트,대전광역시 서구 계룡로326번길 135. 101호 (갈마동. 대영빌리지),2013-07-30
593,영할인마트,대전광역시 서구 대덕대로127번길 11 (갈마동),2013-07-30
594,GS25 도마삼정,대전광역시 서구 도마로 39 (도마동. 1층),2013-07-19
595,이마트24시 대전갈마역점,대전광역시 서구 한밭대로656번길 6 (갈마동. 1층),2013-07-04
596,문정할인마트,대전광역시 서구 문정로170번길 11 (둔산동. 1층),2013-06-25
597,고려이동통신,대전광역시 서구 도산로 60 (도마동),2013-06-14
598,정관장 도안점,대전광역시 서구 동서대로 686 (도안동),2013-06-14
599,은혜열쇠매점,대전광역시 서구 계룡로232번길 31 (월평동),2013-06-03
600,원풀빨래방,대전광역시 서구 갈마중로46번길 11 (갈마동. 1층 103호),2013-05-29
601,스누스맨,대전광역시 서구 계룡로326번길 2. 101호 (갈마동. 청담빌라),2013-05-27
602,하늘마트,대전광역시 서구 도마15길 27 (도마동. 1층),2013-05-22
603,웰빙마트,대전광역시 서구 동서대로 994. 상가동 지하1호.지하2호 (내동. 서우아파트),2013-05-15
604,스누스코리아,대전광역시 서구 관저북로13번길 5. 203호 (관저동),2013-04-26
605,선영슈퍼,대전광역시 서구 도마8길 9 (도마동),2013-04-24
606,친절한 예진씨,대전광역시 서구 대덕대로162번길 15 (갈마동. 101호),2013-04-18
607,참조은마트,대전광역시 서구 도산로 400 (용문동),2013-04-18
608,씨유 대전월평미래,대전광역시 서구 월평중로 5-1 (월평동. 1층),2013-04-10
609,굿마트갈마점,대전광역시 서구 신갈마로211번길 3 (갈마동. 상가 102.103.104호),2013-03-28
610,가온인테리어,대전광역시 서구 계룡로342번길 170 (갈마동),2013-03-28
611,상록예스마트,대전광역시 서구 만년남로 8 (만년동. 상록수아파트단지내상가지하),2013-03-22
612,에스제이푸드시스템,대전광역시 서구 도안북로 88 (도안동. 목원대학교 공과대학 지하1층),2013-03-22
613,이마트24갈마중앙점,대전광역시 서구 갈마로 87. 101호 (갈마동. 금동빌라),2013-03-20
614,지에스(GS)25 괴정행복,대전광역시 서구 용문로 22 (괴정동),2013-03-20
615,GS25 대전청사점,대전광역시 서구 청사로 160 (둔산동. 태산시그마빌 107호),2013-03-18
616,천안상회,대전광역시 서구 도산로370번길 74 (용문동),2013-03-08
617,씨엘정보통신,대전광역시 서구 도솔로 74. 102호 (도마동. 1층),2013-03-08
618,베스트25시,대전광역시 서구 월평새뜸로 18-1 (월평동),2013-02-25
619,서울유통 괴정점,대전광역시 서구 도솔로519번길 65 (용문동. 101호),2013-02-21
620,이마트24 R대전탄방우리점,대전광역시 서구 문정로48번길 70 (탄방동. 대전우리병원빌딩 102호),2013-02-20
621,지에스(GS)25 용문사랑점,대전광역시 서구 계룡로 663-36 (용문동. 1층),2013-02-15
622,이마트24 대전둔산청솔점,대전광역시 서구 둔산로 234 (둔산동.제1층),2013-02-13
623,씨유갈마리쥬점,대전광역시 서구 대덕대로167번길 29. 102호 (갈마동 1039),2013-02-06
624,사단법인댜전범죄피해자지원센터,대전광역시 서구 둔산중로78번길 45 (둔산동),2013-02-01
625,해든마트 괴정점,대전광역시 서구 도솔로 327 (괴정동),2013-01-31
626,성제종합중기부품센타,대전광역시 서구 변동로 9  (변동),2013-01-25
627,제일슈퍼,대전광역시 서구 변정4길 22. 1층 (변동),2013-01-23
628,더좋은마트,대전광역시 서구 계룡로584번길 15. 1층 (괴정동),2013-01-14
629,이마트24 대전변동행복점,대전광역시 서구 도산로167번길 26 (변동),2013-01-04
630,시티마켓,대전광역시 서구 둔산로 76. 1층 102호 (둔산동),2012-12-18
631,타임마트,대전광역시 서구 동서대로 696. 102호 (도안동),2012-12-14
632,(주)코리아세븐 대전목원대점,대전광역시 서구 도안북로 88. 1층 (목원대학교 학생회관),2012-12-07
633,GS25 둔산센트럴,대전광역시 서구 대덕대로 243 (둔산동. 광산빌딩 1층),2012-12-07
634,원플러스마트,대전광역시 서구 관저동로 64-63 (관저동. 돌셈빌딩 1층),2012-11-26
635,연산상회,대전광역시 서구 벌곡로 965 (괴곡동),2012-11-20
636,에스통신,대전광역시 서구 월평중로 50 (월평동. 전원아파트상가105-3호),2012-11-07
637,GS25 용문리치,대전광역시 서구 도산로452번길 28. 1층 (용문동),2012-11-02
638,준이네보물샵,대전광역시 서구 계백로1158번길 87-2 (가수원동),2012-10-25
639,GS25월평갤러리점,대전광역시 서구 한밭대로570번길 29-4. 105호 (월평동. 갤러리빌8차),2012-10-22
640,정관장 정림동점,대전광역시 서구 정림로 72-1  (정림동),2012-10-19
641,씨스페이스대전관저점,대전광역시 서구 구봉로131번길 37. 1층 106호 (관저동),2012-10-17
642,디큐24 내동2호점,대전광역시 서구 동서대로 1018 (내동. 내동.일오삼빌딩101호),2012-10-12
643,세븐일레븐 대전괴정사랑점,대전광역시 서구 도솔로327번길 9 (괴정동),2012-10-12
644,GS25 내동제일,대전광역시 서구 도솔로 267 (내동),2012-10-11
645,지에스25 갈마푸른점,대전광역시 서구 갈마로 105 (갈마동),2012-09-25
646,후생사,대전광역시 서구 관저북로 78 (관저동. 원앙마을2단지상가제지하층1호),2012-09-24
647,금강슈퍼,대전광역시 서구 도산로 286 (가장동),2012-09-20
648,부여슈퍼,대전광역시 서구 갈마로295번길 11  (가장동.1층),2012-09-19
649,소비자마트,대전광역시 서구 가수원로7번길 2 (가수원동. 1층),2012-09-10
650,씨유 괴정초코점,대전광역시 서구 도솔로 349 (괴정동),2012-08-30
651,양지슈퍼,대전광역시 서구 도림6길 37. 2층 (도마동),2012-08-23
652,153마트,대전광역시 서구 용문로 111 (용문동),2012-08-06
653,세르지오,대전광역시 서구 계백로 1446 (도마동),2012-07-14
654,가야불교사,대전광역시 서구 도마5길 46 (도마동),2012-07-06
655,대원유통KT매점,대전광역시 서구 둔산북로 51. 10층 (둔산동. KT둔산사옥),2012-06-14
656,홈마트,대전광역시 서구 유등로17번길 66-4 (복수동),2012-06-14
657,25시 편의점,대전광역시 서구 계룡로491번길 74. 1층 (둔산동. 채화빌딩),2012-06-13
658,진로마트,대전광역시 서구 둔산로 144. 지하1층 (둔산동. 남원프라자),2012-06-07
659,해든마켓,대전광역시 서구 도마로 18 (도마동),2012-06-07
660,보라만물상회,대전광역시 서구 둔산로 241. 106호 (둔산동. 보라아파트단지내상가),2012-06-07
661,공주슈퍼,대전광역시 서구 오량4길 46 (복수동),2012-06-07
662,솔로몬마트,대전광역시 서구 배재로 155-7. 1층 6-4호 (도마동. 경남아파트상가),2012-05-25
663,(주)코리아세븐 대전괴정본점,대전광역시 서구 갈마로 205 (괴정동),2012-05-14
664,용문담배,대전광역시 서구 용문로 88. 106호 (용문동),2012-05-03
665,GS25대전변동점,대전광역시 서구 도마로63번길 24. 1층 (변동),2012-05-02
666,ABC GOLF 스카이,대전광역시 서구 벌곡로1384번길 26 (가수원동),2012-05-02
667,씨유 경성큰마을점,대전광역시 서구 대덕대로162번길 43. 102호 (갈마동. 둔산코아),2012-04-26
668,청우할인마트,대전광역시 서구 도솔로327번길 35. 1층 (괴정동),2012-04-26
669,씨유 둔산뷰티점,대전광역시 서구 둔산남로191번길 37. 1층 (둔산동),2012-04-18
670,풍년슈퍼,대전광역시 서구 중반3길 91. A동 101호 (변동. 대한그린빌라),2012-04-02
671,하나슈퍼,대전광역시 서구 도솔로 215-1 (변동),2012-03-20
672,기쁜전기조명,대전광역시 서구 갈마로 170 (괴정동),2012-03-14
673,포유25건양대병원점,대전광역시 서구 관저동로 162. 110호 (관저동. 건양프라자),2012-02-28
674,씨유  복수중앙점,대전광역시 서구 복수남로 31  (복수동),2012-02-28
675,세븐일레븐 대전탄방제일점,대전광역시 서구 문정로60번길 60 (탄방동),2012-02-24
676,남대전농협하나로마트관저점,대전광역시 서구 구봉로 111 (관저동),2012-02-07
677,(주)코리아세븐 대전용문파크점,대전광역시 서구 계룡로636번길 22 (용문동),2012-02-07
678,씨유 괴정빌리지점,대전광역시 서구 괴정로8번길 87. 1층 (괴정동),2012-01-31
679,씨유 둔산제일점,대전광역시 서구 둔산남로9번길 91 (둔산동),2012-01-25
680,GS25대전선사점,대전광역시 서구 월평북로 87. 1층 (월평동),2012-01-25
681,알파인,대전광역시 서구 배재로 175 (도마동),2012-01-16
682,(주)코리아세븐 목원대제일점,대전광역시 서구 도안북로117번길 54 (도안동),2012-01-11
683,대운유통,대전광역시 서구 월평서로25번길 12. 101호 (월평동),2012-01-10
684,쌍용할인마트,대전광역시 서구 오량4길 74 (복수동),2012-01-02
685,과수원,대전광역시 서구 갈마중로16번길 7  (갈마동.한국도로공사조합아파트상가 104호),2011-12-23
686,대성슈퍼,대전광역시 서구 조달청길 105  (도마동.1층),2011-12-22
687,(주)코리아세븐 목원대정문점,대전광역시 서구 도안북로93번길 7 (도안동. 목원빌딩 109호),2011-12-20
688,목련마트,대전광역시 서구 둔산남로 127 (둔산동. 목련아파트 단지상가 101호. 104호),2011-12-07
689,이마트24 괴정중앙점,대전광역시 서구 용문로 46 (괴정동),2011-11-21
690,GS25 제일학원점,대전광역시 서구 도산로 69 (도마동),2011-11-21
691,초록마트,대전광역시 서구 복수동로 21-20  (복수동.초록마을2단지 제상가동101호),2011-11-07
692,장보고할인마트,대전광역시 서구 배재로227번길 58  (변동),2011-10-26
693,노블초이스 도마점,대전광역시 서구 계백로 1384 (도마동),2011-10-24
694,씨유 관저신선점,대전광역시 서구 관저로 83 (관저동.신선마을아파트상가 250동106호),2011-10-13
695,전자담배 제씨코리아 대전서구점,대전광역시 서구 도산로 61  (도마동.1층),2011-10-07
696,씨유 가장래미안점,대전광역시 서구 도솔로328번길 101 (가장동.1층),2011-10-06
697,세븐일레븐 만년제일점,대전광역시 서구 둔산대로117번길 29  (만년동),2011-08-04
698,(주)이마트 트레이더스 월평점,대전광역시 서구 한밭대로 580 (월평동),2011-08-03
699,미니스톱 대전기성점,대전광역시 서구 벌곡로 657 (흑석동),2011-08-01
700,GS25괴정한신점,대전광역시 서구 도솔로357번길 58  (괴정동.1층),2011-08-01
701,서울슈퍼,대전광역시 서구 도솔로175번길 30. 101동 101호 (도마동.진보빌라),2011-07-28
702,씨유 갈마빌리지점,대전광역시 서구 신갈마로211번길 58 (갈마동.1층),2011-07-28
703,엑스포매점,대전광역시 서구 둔산대로117번길 44  (만년동.한진엑스포 오피스텔 1-102),2011-07-21
704,능동할인마트,대전광역시 서구 남선로59번길 29. 1층 (탄방동),2011-07-20
705,백운할인마트,대전광역시 서구 도솔로349번길 39  (괴정동.1층),2011-07-12
706,(주)코리아세븐대전둔산스카이점,대전광역시 서구 둔산로 130 (둔산동.대덕프라자 106호),2011-07-08
707,무한통신,대전광역시 서구 신갈마로 51  (내동.더리치빌상가104동B202호),2011-06-30
708,굿마트,대전광역시 서구 중반5길 39  (변동),2011-06-29
709,미니스톱둔산타운점,대전광역시 서구 둔산남로105번길 11  (둔산동.1층),2011-06-29
710,씨유 내동빌리지점,대전광역시 서구 동서대로998번길 18 (내동),2011-06-28
711,전자담배프라자,대전광역시 서구 동서대로 991  (내동.1층),2011-06-24
712,썬 코리아,대전광역시 서구 계룡로354번길 111  (갈마동.1층),2011-06-14
713,GS25관저중앙점,대전광역시 서구 구봉로147번길 76-3  (관저동),2011-06-13
714,신성대형마트,대전광역시 서구 동서대로1014번길 26  (내동.신성아파트상가 1층),2011-05-26
715,스카이,대전광역시 서구 용바위길 154-11 (장안동),2011-05-25
716,(주)이마트 둔산점,대전광역시 서구 둔산북로 41 (둔산동),2011-05-23
717,미니스톱 탄방타운점,대전광역시 서구 계룡로585번길 29 (탄방동),2011-05-20
718,서울유통,대전광역시 서구 큰마을4길 26  (탄방동),2011-05-17
719,GS25 도마양지점,대전광역시 서구 배재로91번길 72  (도마동),2011-05-16
720,ferozen 대전서구점,대전광역시 서구 청사로 228  (둔산동.청사오피스텔 B1),2011-05-06
721,정수원 명암매점,대전광역시 서구 계백로1249번길 174-82 (정림동),2011-05-04
722,중앙할인마트,대전광역시 서구 가장로 44  (괴정동),2011-05-04
723,뉴드림마트,대전광역시 서구 가장로 96  (가장동),2011-05-04
724,씨유만년미니점,대전광역시 서구 둔산대로117번길 95. F동 101호 (만년동.리더스타운),2011-04-26
725,태양마트,대전광역시 서구 갈마역로11번길 30.  102호 (갈마동),2011-04-21
726,세븐일레븐 대전탄방카페점,대전광역시 서구 계룡로509번길 17. 1층 (탄방동),2011-03-30
727,온누리마트,대전광역시 서구 동서대로 1147  (가장동),2011-03-25
728,남선유통,대전광역시 서구 남선로59번길 16 (탄방동),2011-03-23
729,제천슈퍼,대전광역시 서구 도마로25번길 56  (도마동.1층),2011-03-14
730,MS 통신,대전광역시 서구 계룡로500번길 69  (탄방동.1층),2011-03-07
731,듀바코(전자),대전광역시 서구 도산로 391 (탄방동),2011-03-04
732,목원마트,대전광역시 서구 도안북로 88  (도안동.목원대학교 인문대학내1층),2011-03-04
733,드림마트,대전광역시 서구 대덕대로151번길 25  (갈마동.1층),2011-03-04
734,전자담배저스트포그서구점,대전광역시 서구 갈마로 77  (갈마동.1층),2011-02-23
735,송판사꽃집,대전광역시 서구 가장로 120  (가장동.1층),2011-02-23
736,구봉소비자점,대전광역시 서구 관저로 80  (관저동.구봉마을8-1 상가지하1호),2011-02-21
737,후모전자담배,대전광역시 서구 신갈마로 208.  102호 (갈마동),2011-02-11
738,GS25둔산미라클점,대전광역시 서구 둔산로 52  (둔산동.미라클 빌딩 103),2011-02-11
739,(주)씨케이유통,대전광역시 서구 계룡로 598  (괴정동.롯데대전점 지하3층),2011-01-31
740,세븐일레븐대전도마삼정점,대전광역시 서구 도산로167번길 76 (도마동),2011-01-28
741,씨유 관저중앙점,대전광역시 서구 구봉로147번길 101 (관저동),2011-01-28
742,한신메디칼,대전광역시 서구 괴정로76번길 23 (괴정동),2011-01-27
743,하나로마트,대전광역시 서구 청사로 5  (월평동.하나로상가 108호),2011-01-25
744,배재할인마트,대전광역시 서구 사마7길 9  (도마동.1층),2011-01-19
745,수협바다회상 둔산점,대전광역시 서구 청사로 220 (둔산동),2011-01-19
746,GS25 복수목화,대전광역시 서구 복수북로 42 (복수동.106. 107호),2010-12-30
747,이마트24 대전타운누리점,대전광역시 서구 도산로393번길 26 (탄방동),2010-12-21
748,우리할인마트,대전광역시 서구 신갈마로 242  (갈마동),2010-12-21
749,뉴한양마트갈마점,대전광역시 서구 신갈마로 183  (갈마동),2010-12-20
750,한민시장할인마트,대전광역시 서구 괴정로134번길 24  (괴정동),2010-12-13
751,해든마켓,대전광역시 서구 도마2동 147번지 59호,2010-12-07
752,은혜슈퍼,대전광역시 서구 제비네6길 56 (도마동),2010-11-29
753,그리운고향장터,대전광역시 서구 장안로 236  (산직동),2010-11-25
754,K마트,대전광역시 서구 문정로2번길 33  (탄방동.리베라스위트빌 107-109호),2010-11-25
755,대박마트,대전광역시 서구 배재로 188  (도마동.매봉빌딩 1층),2010-11-23
756,(주) 코리아세븐 대전탄방산호점,대전광역시 서구 계룡로571번길 65 (탄방동.산호@상가 106-107호),2010-11-16
757,우리마트,대전광역시 서구 문정로150번길 25  (탄방동.제1층),2010-11-04
758,GS25뉴둔산타운점,대전광역시 서구 갈마역로 14  (둔산동.하이스트빌 104호),2010-11-04
759,세븐일레븐 둔산행복점,대전광역시 서구 둔산남로191번길 13 (둔산동),2010-11-01
760,롯데쇼핑(주) 롯데슈퍼 대전둔산점,대전광역시 서구 청사로 281 (둔산동.샘머리아파트 상가동 지하1층),2010-10-12
761,(주)지에스리테일 GS수퍼 대전도마점,대전광역시 서구 배재로 206 (도마동.외3필지),2010-09-01
762,원다낚시,대전광역시 서구 신갈마로 236  (갈마동),2010-08-27
763,전자담배코리아 대전서구대리점,대전광역시 서구 대덕대로 10  (내동.1층),2010-08-25
764,GS정림혜천점,대전광역시 서구 구봉로 459  (정림동),2010-08-18
765,기성올마트,대전광역시 서구 흑석2길 34. 2층 (흑석동),2010-08-13
766,미니스톱대전둔산점,대전광역시 서구 둔산로123번길 14  (둔산동),2010-08-09
767,육미대가,대전광역시 서구 대덕대로 370  (만년동),2010-07-26
768,더데이언더웨어 둔산점,대전광역시 서구 문정로 82 (탄방동.1층),2010-07-23
769,조아전기조명,대전광역시 서구 도산로 115  (도마동),2010-07-22
770,리커마켓(세계주류백화점),대전광역시 서구 둔산남로 193  (둔산동),2010-07-22
771,GS25복수중앙점,대전광역시 서구 복수남로 41  (복수동),2010-07-16
772,솔샘슈퍼,대전광역시 서구 둔산로51번길 66  (둔산동.1층 111호),2010-07-16
773,KT매점,대전광역시 서구 갈마로 160  (괴정동),2010-07-16
774,홈마트,대전광역시 서구 정림로70번길 17 (정림동.1층),2010-07-13
775,국화마트,대전광역시 서구 둔산로 201  (둔산동.국화라이프상가 105호),2010-07-13
776,씨유용문프라임점,대전광역시 서구 용문로 87-1 (용문동),2010-06-25
777,오동상회,대전광역시 서구 벌곡로 304  (오동),2010-06-18
778,승차권매표소,대전광역시 서구 문정로 181  (둔산동.번지앞도로),2010-06-11
779,옥천당,대전광역시 서구 둔산로137번길 44  (둔산동),2010-06-04
780,태양슈퍼,대전광역시 서구 도림1길 33  (도마동),2010-06-01
781,부성철물,대전광역시 서구 계백로1286번길 7  (정림동),2010-06-01
782,(주)코리아세븐 대전둔산향촌점,대전광역시 서구 둔산로 14  (둔산동.105. 109호),2010-05-11
783,GS25 갈마공원,대전광역시 서구 신갈마로240번길 26  (갈마동),2010-05-03
784,둔산슈퍼,대전광역시 서구 갈마중로 25 (갈마동),2010-05-03
785,샘머리공인중개사,대전광역시 서구 청사로 281  (둔산동.샘머리코아 101호),2010-04-23
786,대전지방경찰청 복지회,대전광역시 서구 둔산중로 77 (둔산동),2010-04-19
787,월평매점,대전광역시 서구 신갈마로 55-5  (내동.사이클경기장내),2010-04-12
788,그랜드마트,대전광역시 서구 만년로 45.  1호 (만년동.초원아파트제상가동제지하층),2010-04-09
789,썬플러스 대전정림점,대전광역시 서구 계백로 1332  (정림동),2010-03-30
790,디에스푸드서비스,대전광역시 서구 둔산대로117번길 128  (만년동.한국방송공사대전방송총국 9층 휴게실),2010-02-12
791,삼천리슈퍼,대전광역시 서구 동서대로1080번길 47  (변동),2010-02-09
792,삼원슈퍼,대전광역시 서구 계백로 1310-35  (정림동.제1층),2010-01-13
793,경남전기.철물,대전광역시 서구 조달청길 11  (도마동),2010-01-05
794,제우스물산,대전광역시 서구 원도안로 30. 102호 (가수원동),2009-12-17
795,통계청 구내매점,대전광역시 서구 한밭대로 713  (월평동.제2층),2009-12-15
796,썬마트,대전광역시 서구 복수동로 60  (복수동.1층),2009-11-24
797,제이마트,대전광역시 서구 남선로 39  (탄방동),2009-11-18
798,원마트,대전광역시 서구 괴정로165번길 22  (용문동.샬롬시티빌 1층),2009-11-17
799,씨유둔산KT점,대전광역시 서구 둔산서로 65 (둔산동.KT그랜드뷰상가 101),2009-11-10
800,GS25월평마사회점,대전광역시 서구 월평중로 24 (월평동),2009-10-22
801,굿모닝마트,대전광역시 서구 문정로170번길 141  (둔산동),2009-10-23
802,도마보부상마트,대전광역시 서구 도마2길 47  (도마동),2009-10-14
803,드림도매마트,대전광역시 서구 도산로 16  (도마동),2009-10-14
804,GS대전본점,대전광역시 서구 청사서로 46  (월평동),2009-10-12
805,한화호텔앤드리조트(주),대전광역시 서구 대덕대로 211 (둔산동.지하2층),2009-09-24
806,스피드,대전광역시 서구 도산로 365  (용문동),2009-09-01
807,도마할인마트,대전광역시 서구 도마5길 67  (도마동),2009-08-27
808,씨유 갈마원룸점,대전광역시 서구 대덕대로 111 (갈마동),2009-08-12
809,필마트,대전광역시 서구 둔산남로 30  (둔산동.녹원아파트상가동지하 12호),2009-07-30
810,대전광역시청새마을금고,대전광역시 서구 둔산로 100  (둔산동),2009-07-29
811,삼천슈퍼,대전광역시 서구 문정로170번길 149  (둔산동),2009-07-15
812,태흥선재철물,대전광역시 서구 도산로 209  (변동),2009-07-10
813,형제유통,대전광역시 서구 월평북로 11  (월평동.주공3단지 상가 104호),2009-06-24
814,크로바마트,대전광역시 서구 갈마로 199  (괴정동),2009-06-16
815,백암유통,대전광역시 서구 도림6길 70 (도마동),2009-06-15
816,홈플러스익스프레스 대전관저점,대전광역시 서구 관저북로 71 (관저동),2009-06-09
817,쎄리스크린골프연습장,대전광역시 서구 계백로 1260  (정림동.3층),2009-05-27
818,미니스톱  건양대병원점,대전광역시 서구 관저1동 2042번지 3호,2009-05-21
819,쿨 편의점,대전광역시 서구 탄방로 86 (탄방동. 럭셔리빌 1층),2009-05-08
820,GS25대전빌리지점,대전광역시 서구 대덕대로151번길 42  (갈마동),2009-05-08
821,조합직판장,대전광역시 서구 문정로9번길 41  (둔산동),2009-04-22
822,GS25대전그린점,대전광역시 서구 대덕대로135번길 31  (갈마동),2009-04-21
823,웨이스탑 청사점,대전광역시 서구 청사로 148  (둔산동.매그놀리아 104호),2009-04-17
824,Cheong,대전광역시 서구 둔산중로 74  (둔산동.인곡타워 105호),2009-04-17
825,동양마트,대전광역시 서구 월평서로6번길 48  (월평동),2009-04-08
826,솔로몬주택공인중개사사무서,대전광역시 서구 탄방로 68  (탄방동),2009-04-03
827,(주)모나미스테이션둔산점,대전광역시 서구 둔산로 129  (둔산동),2009-04-02
828,GS25대전계룡로점,대전광역시 서구 계룡로 618  (괴정동),2009-04-02
829,코인하우스,대전광역시 서구 벌곡로 1349  (가수원동),2009-03-30
830,SKY25,대전광역시 서구 둔산중로 40  (둔산동.더리치빌 117호),2009-03-19
831,새천년마트,대전광역시 서구 신갈마로211번길 75  (갈마동),2009-03-04
832,(주)세이브존아이앤씨대전점,대전광역시 서구 둔산로 201 (둔산동.세이브존),2009-03-02
833,굿모닝마트,대전광역시 서구 배재로 90  (도마동.1층),2009-02-26
834,명성종합철물,대전광역시 서구 가수원로 106  (가수원동.상가7동 103호),2009-02-20
835,홈플러스(주)익스프레스괴정점,대전광역시 서구 갈마로 257 (괴정동),2009-02-18
836,대운슈퍼,대전광역시 서구 괴정로189번길 29.  102호 (용문동.대운빌라),2009-02-10
837,디큐24갤러리타워,대전광역시 서구 둔지로 36  (둔산동),2009-02-04
838,홈플러스(주) 익스프레스 대전용문점,대전광역시 서구 계룡로 648 (용문동),2009-02-02
839,미니슈퍼,대전광역시 서구 계백로 1296  (정림동),2009-01-19
840,행복슈퍼,대전광역시 서구 갈마로219번길 16 (괴정동),2009-01-16
841,씨에스유통(주) 롯데슈퍼정림점,대전광역시 서구 계백로1286번길 49 (정림동),2009-01-06
842,금강상사,대전광역시 서구 도솔로 126  (도마동),2008-12-24
843,홈플러스(주)익스프레스 월평점,대전광역시 서구 월평북로 90 (월평동),2008-12-24
844,탑&마트,대전광역시 서구 도솔로279번길 62  (내동),2008-12-22
845,한밭슈퍼,대전광역시 서구 변동로 66  (변동),2008-11-18
846,홈플러스스토어즈 주식회사,대전광역시 서구 둔산중로 1 (탄방동),2008-11-06
847,M마트,대전광역시 서구 괴정로 95. 1층 (괴정동),2008-10-31
848,엄지슈퍼,대전광역시 서구 괴정로166번길 37  (가장동),2008-10-22
849,정관장홍삼콜센타,대전광역시 서구 문예로 137 (둔산동.1층),2008-10-17
850,태양종합공구,대전광역시 서구 계백로 1310  (정림동),2008-10-08
851,훼미리마트대전타임월드점,대전광역시 서구 둔산로 32-11  (둔산동.1층),2008-09-29
852,가톨릭편의점,대전광역시 서구 도산로 351  (용문동),2008-09-19
853,프리잉크,대전광역시 서구 도산로 120  (도마동),2008-09-19
854,나무그래픽,대전광역시 서구 계룡로 353  (갈마동..261-17),2008-09-04
855,미니스톱 월평이마트점,대전광역시 서구 한밭대로570번길 38  (월평동.1층),2008-09-03
856,GS25둔산아이텔,대전광역시 서구 둔산로137번길 13  (둔산동),2008-08-29
857,해든마켓8호점,대전광역시 서구 대덕대로161번길 38  (갈마동),2008-08-07
858,리체스마트,대전광역시 서구 둔산대로117번길 76  (만년동),2008-07-10
859,레이디버그,대전광역시 서구 계룡로 408  (갈마동),2008-06-24
860,보물찾기,대전광역시 서구 도산로 197  (변동.1층),2008-06-11
861,하이마트슈퍼,대전광역시 서구 신갈마로181번길 70  (갈마동),2008-06-03
862,플러스복권,대전광역시 서구 계백로 1478  (도마동),2008-05-21
863,풋살마트,대전광역시 서구 월평동 111번지 16호,2008-05-13
864,갤러리사우나,대전광역시 서구 둔산로 18  (둔산동.향촌월드프라자8.9.10층),2008-05-01
865,우리슈퍼,대전광역시 서구 변동로 107  (변동),2008-04-16
866,씨유 배재원룸점,대전광역시 서구 도마로 10 (도마동),2008-04-14
867,짱구슈퍼,대전광역시 서구 제비네1길 30  (도마동),2008-03-28
868,동일전기조명,대전광역시 서구 도산로 172-1  (변동),2008-03-25
869,굿모닝마트,대전광역시 서구 신갈마로181번길 33  (갈마동.1층),2008-03-10
870,동명정육점,대전광역시 서구 괴정로166번길 30  (가장동),2008-02-29
871,금성백조슈퍼,대전광역시 서구 구봉로 419  (정림동.강변들금성백조@ 상가동 1층 101.102호),2008-01-24
872,할인마트,대전광역시 서구 변정1길 37  (변동),2008-01-10
873,삼원마트,대전광역시 서구 배재로54번길 17  (도마동),2008-01-09
874,대한툴마트,대전광역시 서구 도산로 128  (도마동.청옥빌딩 1층),2008-01-04
875,신진도매마트,대전광역시 서구 도솔로305번길 23  (괴정동),2007-12-31
876,대한마트,대전광역시 서구 벌곡로 1321-10 (가수원동.1층),2007-12-31
877,일공공일안경 둔산점,대전광역시 서구 둔산로 216  (둔산동),2007-12-24
878,코오롱도매마트,대전광역시 서구 동서대로 967 (내동.코오롱상가 지하1.2.3호),2007-11-28
879,상록수슈퍼,대전광역시 서구 만년남로 8  (만년동.상록수상가  지하층 001호),2007-10-31
880,백두공인중개사사무소,대전광역시 서구 동서대로 1078 (변동),2007-10-26
881,한가람마트,대전광역시 서구 문예로 16  (탄방동.한가람상가 106호),2007-10-12
882,둔원마트,대전광역시 서구 괴정로11번길 49  (갈마동),2007-10-02
883,주식회사 한민마트,대전광역시 서구 갈마로 259 (괴정동),2007-09-12
884,샘머리마트,대전광역시 서구 문예로 174  (둔산동.샘머리@ 분산상가 101호),2007-08-29
885,대박복권방,대전광역시 서구 갈마로 56 (갈마동),2007-06-22
886,GS25 대전맑은아침,대전광역시 서구 갈마로 262 (내동. 맑은아침아파트),2007-06-22
887,해피천,대전광역시 서구 구봉로147번길 68-23 (관저동.1층),2007-06-07
888,씨유 갈마점,대전광역시 서구 신갈마로167번길 2 (갈마동),2007-06-01
889,은혜도매마트,대전광역시 서구 괴정로181번길 28  (용문동),2007-05-29
890,아이스크림하우스,대전광역시 서구 중반3길 60 (변동),2007-05-18
891,GS25 월평새미래점,대전광역시 서구 월평로 33 (월평동),2007-05-03
892,표준슈퍼,대전광역시 서구 괴정로8번길 44 (괴정동),2007-04-05
893,훼미리마트월평해피점,대전광역시 서구 월평로 64  (월평동),2007-03-30
894,인재원구내매점,대전광역시 서구 갈마로 160 (괴정동. KT인재개발원),2007-03-08
895,중앙할인마트,대전광역시 서구 도솔로437번길 29  (탄방동),2007-02-27
896,공주슈퍼,대전광역시 서구 들말6길 51 (가장동),2007-02-23
897,에델바이스,대전광역시 서구 관저로121번길 8  (관저동),2007-01-12
898,대자연할인마트,대전광역시 서구 관저북로 52  (관저동.대자연@ 상가 지하101호),2007-01-08
899,코리아세븐경남점,대전광역시 서구 배재로 162-1  (도마동),2006-12-29
900,오피스넥스대전물류,대전광역시 서구 대덕대로220번길 38  (둔산동),2006-05-18
901,도배왕,대전광역시 서구 계룡로 367 (갈마동),2006-12-28
902,ok할인마트갈마점,대전광역시 서구 갈마로 13-32 (갈마동),2006-12-19
903,아트데코,대전광역시 서구 만년남로3번길 1  (만년동),2006-12-15
904,문구센타위드대전점,대전광역시 서구 둔산로 77  (둔산동.지하),2006-12-12
905,직거래마트,대전광역시 서구 용화2길 39 (도마동),2006-11-22
906,중앙슈퍼,대전광역시 서구 계백로 1468  (도마동),2006-11-02
907,둥지마트,대전광역시 서구 도솔로499번길 23  (용문동),2006-10-17
908,하나로,대전광역시 서구 월평새뜸로4번길 77  (월평동.1층),2006-10-17
909,쿨마트,대전광역시 서구 갈마역로11번길 14  (갈마동),2006-09-27
910,자매하이마켓,대전광역시 서구 변정3길 11  (변동),2006-09-14
911,중앙슈퍼,대전광역시 서구 용화7길 31  (도마동),2006-09-07
912,위즈마트,대전광역시 서구 계룡로583번길 55. B동 102.104호 (탄방동.위즈상가),2006-09-05
913,가나슈퍼,대전광역시 서구 갈마중로38번길 22 (갈마동),2006-07-24
914,땡이와뚱이네,대전광역시 서구 둔산로74번길 12 (둔산동),2006-07-06
915,충일건재상사,대전광역시 서구 변동 30-3호,2006-06-29
916,흥부슈퍼마켓,대전광역시 서구 중반2길 55 (변동),2006-05-22
917,GS25 갈마둔원,대전광역시 서구 괴정로11번길 33 (갈마동),2006-05-15
918,훼미리마트대전가수원점,대전광역시 서구 벌곡로 1353 (가수원동),2006-05-11
919,우리상회,대전광역시 서구 남선로23번길 12  (탄방동),2006-05-03
920,혜진마트,대전광역시 서구 사마7길 42 (도마동),2006-05-03
921,K2편의점,대전광역시 서구 도솔로 388 (괴정동),2006-04-05
922,영광마트,대전광역시 서구 갈마로 298 (가장동),2006-03-28
923,한마루유통,대전광역시 서구 둔산북로 160  (둔산동.럭키한마루상가 지하),2006-03-28
924,대명슈퍼,대전광역시 서구 문정로122번길 22  (탄방동),2006-03-27
925,허*순,대전광역시 서구 괴정로 163 (용문동),2006-03-27
926,리필닷컴,대전광역시 서구 갈마중로 4 (갈마동),2006-03-16
927,DQ24,대전광역시 서구 대덕대로185번길 58  (둔산동),2006-03-07
928,대흥슈퍼,대전광역시 서구 벌곡로1384번길 97 (가수원동),2006-02-27
929,서울유통,대전광역시 서구 도솔로499번길 52 (용문동),2006-02-27
930,구내식당,대전광역시 서구 월드컵대로484번길 77. 가동 02호 (월평동),2006-02-14
931,씨스페이스대전둔산점,대전광역시 서구 대덕대로 182  (둔산동),2006-01-16
932,중앙수선,대전광역시 서구 계룡로615번길 36 (탄방동),2006-01-13
933,갈마할인마트,대전광역시 서구 대덕대로155번길 3  (갈마동),2006-01-03
934,새마을구판장,대전광역시 서구 장안동 339호,2005-12-08
935,신라슈퍼,대전광역시 서구 제비네1길 91 (도마동),2005-11-24
936,근암쌀집,대전광역시 서구 변동중로 28 (도마동),2005-11-23
937,코리아세븐관저중앙점,대전광역시 서구 관저중로96번길 80  (관저동),2005-10-27
938,수인슈퍼,대전광역시 서구 갈마로 311 (가장동),2005-10-12
939,GS내동한빛주유소,대전광역시 서구 대덕대로 24 (내동),2005-10-12
940,하나유통,대전광역시 서구 도마4길 48 (도마동),2005-08-16
941,DQ마트 가장점,대전광역시 서구 갈마로 306 (가장동),2005-07-26
942,로얄마트,대전광역시 서구 문정로170번길 132  (둔산동),2005-06-23
943,한사랑마트,대전광역시 서구 괴정로181번길 41 (용문동),2005-05-31
944,영수화장품,대전광역시 서구 계백로1249번길 142 (정림동),2005-05-04
945,대웅슈퍼,대전광역시 서구 제비네12길 47 (도마동),2005-04-18
946,장수유통,대전광역시 서구 벌곡로1349번길 19 (가수원동),2005-04-06
947,한진슈퍼,대전광역시 서구 용문로 118  (용문동),2005-03-22
948,매직플라워,대전광역시 서구 괴정동 호 11-8,2005-03-18
949,삼양슈퍼,대전광역시 서구 갈마중로8번길 34 (갈마동),2005-01-12
950,내동하이퍼,대전광역시 서구 동서대로1021번길 36 (내동),2005-01-11
951,정림철물,대전광역시 서구 계백로1286번길 46  (정림동),2005-01-06
952,LG25대전큰마을점,대전광역시 서구 대덕대로 141  (갈마동),2004-12-22
953,대한의료기마트,대전광역시 서구 도산로 393 (탄방동),2004-12-16
954,세븐일레븐 대전탄방아트빌점,대전광역시 서구 도솔로412번길 46 (탄방동),2004-10-08
955,원그린슈퍼,대전광역시 서구 대신2길 88 (도마동),2004-09-22
956,웰빙마트,대전광역시 서구 괴정동 호 85-10,2004-09-07
957,알뜰슈퍼,대전광역시 서구 도솔로251번길 14 (내동),2004-08-30
958,아너스빌수퍼,대전광역시 서구 둔산북로 121 (114 둔산동 아너스빌빌딩),2004-08-13
959,티파니골드,대전광역시 서구 월평새뜸로 5  (월평동.패션월드 1층 57호),2004-07-20
960,C마트,대전광역시 서구 계룡로615번길 95 (탄방동),2004-07-15
961,바이더웨이관저원앙점,대전광역시 서구 관저동 41호,2004-07-02
962,관저제일마트,대전광역시 서구 관저중로96번길 29  (관저동),2004-06-25
963,비쥬,대전광역시 서구 도마동 호 50-6,2004-06-09
964,돈돈복권방,대전광역시 서구 계룡로 560 (괴정동),2004-05-21
965,바다해물칼국수,대전광역시 서구 계룡로583번길 6  (탄방동),2004-05-19
966,소비자할인매장,대전광역시 서구 용문동 호 225-7,2004-05-15
967,복권왕국,대전광역시 서구 내동 호 13-19,2004-05-08
968,늘푸른마트,대전광역시 서구 갈마동 호 404-2,2004-04-21
969,대영마트,대전광역시 서구 계룡로354번길 132 (갈마동),2004-04-08
970,을지마트,대전광역시 서구 대덕대로242번길 48  (둔산동.엔에스빌딩 1층),2004-03-06
971,대교조명,대전광역시 서구 갈마동 호 309-3번지,2004-01-10
972,서부할인마트,대전광역시 서구 숭어리샘4길 52  (탄방동),2003-12-02
973,양촌상회,대전광역시 서구 유등로465번길 22  (가장동),2003-11-26
974,바이더웨이 둔산중앙점,대전광역시 서구 둔산3동 713번지 (구번지),2003-11-24
975,대복슈퍼,대전광역시 서구 계룡로649번길 9  (용문동),2003-11-10
976,파워전기조명철물,대전광역시 서구 관저동로93번길 41  (관저동),2003-11-10
977,향우마트,대전광역시 서구 도마로57번길 81-3  (변동),2003-10-31
978,중도석유도마동주유소,대전광역시 서구 계백로 1371 (도마동),2003-10-27
979,중도석유가장주유소,대전광역시 서구 갈마로 321  (가장동),2003-10-27
980,행운복권방,대전광역시 서구 용문로 41-88  (괴정동),2003-10-04
981,서구대대점,대전광역시 서구 관저1동 83번지 6호,2003-09-16
982,복수동점,대전광역시 서구 가수원동 호 375,2003-09-16
983,골드24시월평점,대전광역시 서구 월평새뜸로4번길 96  (월평동),2003-09-02
984,천하제일복권명당가장점,대전광역시 서구 도산로 310. 1층 (가장동),2003-07-03
985,신선마트,대전광역시 서구 관저동로 42  (관저동.느리울마을13단지 분산상가 101호),2003-06-17
986,홈플러스(주) 대전둔산점,대전광역시 서구 문예로 107 (둔산동),2003-06-13
987,(주)코리아세븐로데오점,대전광역시 서구 문정로89번길 32 (탄방동),2003-05-30
988,우진슈퍼,대전광역시 서구 제비네4길 35 (도마동),2003-05-29
989,신원상가마트,대전광역시 서구 계백로 1385 (도마동),2003-05-28
990,소비자마트,대전광역시 서구 월평로13번길 12-37  (월평동),2003-05-21
991,베스토아,대전광역시 서구 만년남로11번길 26 (만년동),2003-05-15
992,수현마트,대전광역시 서구 도솔로519번길 49 (용문동),2003-05-07
993,우정슈퍼,대전광역시 서구 계룡로603번길 17 (탄방동),2003-04-16
994,현대슈퍼,대전광역시 서구 대덕대로111번길 41 (갈마동),2003-03-15
995,계룡생필품,대전광역시 서구 동서대로1014번길 10 (내동),2003-03-15
996,복권명당,대전광역시 서구 만년남로3번길 164  (만년동),2003-03-06
997,영흥슈퍼,대전광역시 서구 괴정로181번길 14-1 (용문동),2003-02-18
998,세븐일레븐갈마공원점,대전광역시 서구 신갈마로 248 (갈마동),2003-01-29
999,뚱뚱이마트,대전광역시 서구 도솔로267번길 62 (내동),2003-01-18
1000,친절할인마트,대전광역시 서구 도림1길 71 (도마동),2003-01-17
1001,(주)코리아세븐도마2호점,대전광역시 서구 배재로 91 (도마동),2003-01-02
1002,(주)코리아세븐용문점,대전광역시 서구 용문로 70 (용문동),2002-12-31
1003,좋은마트,대전광역시 서구 가수원로 46-1 (가수원동),2002-12-26
1004,참좋은마트,대전광역시 서구 계룡로407번길 73 (갈마동),2002-12-24
1005,(주)코리아세븐둔산8호점,대전광역시 서구 둔산서로 9 (둔산동),2002-11-30
1006,동양마트,대전광역시 서구 용문로 44 (괴정동),2002-11-22
1007,씨유 도마향우점,대전광역시 서구 도산로 153 (도마동),2002-11-04
1008,대전원예농협둔산로지점,대전광역시 서구 문정로 136  (탄방동),2002-11-02
1009,(주)코리아세븐청사점,대전광역시 서구 둔산중로134번길 29 (둔산동),2002-10-30
1010,SK네트웍스(주),대전광역시 서구 대덕대로 188 (둔산동),2002-09-27
1011,대풍사,대전광역시 서구 대덕대로 150  (갈마동.큰마을상가228),2002-09-14
1012,(주)코리아세븐 대전용문롯데점,대전광역시 서구 계룡로620번길 23 (용문동),2002-08-29
1013,조양마트,대전광역시 서구 도솔로483번길 68 (탄방동),2002-08-26
1014,크로바하이퍼마켓,대전광역시 서구 둔산로 155 (둔산동.크로바상가지하),2002-08-12
1015,(주)코리아세븐 갈마3호점,대전광역시 서구 대덕대로162번길 29 (갈마동),2002-07-29
1016,영할인마트,대전광역시 서구 도마로 46 (도마동),2002-06-04
1017,세븐일레븐 대전갈마하이점,대전광역시 서구 대덕대로159번길 42 (갈마동),2002-05-28
1018,한양슈퍼,대전광역시 서구 대덕대로 105-14  (갈마동),2002-05-20
1019,선사마트,대전광역시 서구 대덕대로317번길 20  (월평동.선사엔조이 188호),2002-05-02
1020,박소영포토,대전광역시 서구 청사서로 54  (월평동),2002-03-20
1021,모아스토아,대전광역시 서구 신갈마로 123 (갈마동),2002-03-20
1022,씨유 대전갈마둔원점,대전광역시 서구 대덕대로112번길 54 (갈마동),2002-03-08
1023,엽기슈퍼,대전광역시 서구 대덕대로168번길 44  (갈마동),2002-02-20
1024,천하제일복권명당,대전광역시 서구 계룡로 385 (갈마동),2002-02-09
1025,(주)코리아세븐둔산3호점,대전광역시 서구 둔지로 15 (둔산동),2002-02-09
1026,정림종합직판장,대전광역시 서구 정림로24번길 34 (정림동),2002-02-02
1027,세븐일레븐 대전갈마원룸점,대전광역시 서구 갈마중로42번길 56 (갈마동),2002-02-02
1028,편의점키트,대전광역시 서구 갈마동 1485호,2002-01-21
1029,쌍둥이슈퍼,대전광역시 서구 도마로 94 (도마동),2002-01-11
1030,해바라기마트,대전광역시 서구 갈마중로 36 (갈마동),2001-12-29
1031,스타보석,대전광역시 서구 둔산로206번길 26  (둔산동),2001-12-12
1032,(주)코리아세븐 대전둔산대덕점,대전광역시 서구 대덕대로234번길 24 (둔산동),2001-11-19
1033,대지마켓,대전광역시 서구 들말1길 28 (가장동),2001-11-19
1034,(주)코리아세븐 만년점,대전광역시 서구 만년남로 9 (만년동),2001-07-19
1035,보령지업사,대전광역시 서구 조달청길 38 (도마동),2001-09-25
1036,장미미니슈퍼,대전광역시 서구 동서대로1005번길 38 (내동),2001-08-13
1037,서우슈퍼,대전광역시 서구 동서대로 976  (내동.서우(아)상가 1단지 1층),2001-07-25
1038,구봉주공슈퍼,대전광역시 서구 관저로 84 (관저동.구봉마을8단지상가 103호),2001-07-25
1039,해든마켓,대전광역시 서구 벌곡로1379번길 16 (가수원동),2001-07-19
1040,가나유통,대전광역시 서구 둔산로 201  (둔산동),2001-06-18
1041,덕성슈퍼,대전광역시 서구 도마5길 24 (도마동),2001-05-03
1042,청 마 트,대전광역시 서구 흑석동 381호,2001-04-16
1043,가수원골프연습장,대전광역시 서구 벌곡로1384번길 37 (가수원동),2001-04-11
1044,(주)코리아세븐관저점,대전광역시 서구 관저북로 12 (관저동),2001-02-12
1045,중도석유(주)월드컵주유소,대전광역시 서구 문정로 12  (탄방동),2001-02-02
1046,태양슈퍼,대전광역시 서구 도마3길 47 (도마동),2001-01-04
1047,씨유 월평중앙점,대전광역시 서구 월평로 47 (월평동),2000-12-26
1048,이마트24 대전갈마타운점,대전광역시 서구 계룡로367번길 27 (갈마동),2000-12-22
1049,세븐일레븐 탄방3호점,대전광역시 서구 문정로132번길 14  (탄방동),2000-12-18
1050,갈마쌀상회,대전광역시 서구 대덕대로151번길 42  (갈마동),2000-12-08
1051,(주)코리아세븐탄방2호점,대전광역시 서구 계룡로553번안길 45 (탄방동),2000-11-21
1052,월평슈퍼,대전광역시 서구 월평로 28-1  (월평동),2000-01-31
1053,초롱서적문구,대전광역시 서구 청사로 70  (월평동.누리상가 108호),2000-03-09
1054,코리아세븐(주)월평점,대전광역시 서구 청사서로 34  (월평동),2000-03-13
1055,(주)코리아세븐 월평2호점,대전광역시 서구 월평중로 14 (월평동),2000-07-28
1056,행복이 가득한 약국,대전광역시 서구 계룡로 598 (괴정동. 롯데백화점),2000-03-25
1057,시내버스승차권판매소,대전광역시 서구 둔산동 1385호,2000-02-23
1058,우리마트,대전광역시 서구 둔산로 15 (둔산동.향촌아파트상가 1층105호),2000-09-15
1059,미르가람,대전광역시 서구 둔산북로 215  (둔산동),2000-04-26
1060,아이마트,대전광역시 서구 둔산로230번길 7  (둔산동),2000-06-02
1061,삼보유통,대전광역시 서구 영골길 158  (오동.(주)선양주소),2000-06-08
1062,건양학원,대전광역시 서구 관저동로 158  (관저동),2000-02-12
1063,현대슈퍼,대전광역시 서구 남선로60번길 20  (탄방동),2000-04-10
1064,무지개 문구사,대전광역시 서구 계룡로 639 (탄방동),2000-02-18
1065,부여마트,대전광역시 서구 도솔로 509 (용문동),2000-01-28
1066,서천소비자유통,대전광역시 서구 도산로219번길 47 (변동),2000-06-02
1067,위아래 식당,대전광역시 서구 도산로 1 (도마동),2000-03-08
1068,신세기사,대전광역시 서구 둔산중로 19.  B162호 (탄방동.샤크죤1층),1999-11-17
1069,성심병원매점,대전광역시 서구 계룡로 198 (월평동),1999-12-18
1070,봉산문구,대전광역시 서구 신갈마로127번길 33 (갈마동),1999-09-21
1071,백제약국,대전광역시 서구 신갈마로 102  (갈마동.갈마그랜드 프라자 1층 115호),1999-01-18
1072,갈마슈퍼,대전광역시 서구 신갈마로 239-15 (갈마동),1999-01-23
1073,타임마트,대전광역시 서구 관저중로 86-1. 1층 (관저동),1999-09-17
1074,알뜰슈퍼,대전광역시 서구 도산로282번길 80 (가장동),1999-01-14
1075,부일슈퍼,대전광역시 서구 갈마로 330 (가장동),1999-12-10
1076,남양문구,대전광역시 서구 계룡로576번길 57 (괴정동),1999-11-02
1077,문화슈퍼,대전광역시 서구 도산로335번길 63 (괴정동),1999-07-03
1078,이조케터링서비스,대전광역시 서구 둔산중로78번길 45 (둔산동. 대전지방법원),1999-03-22
1079,명 진 사,대전광역시 서구 둔산중로78번길 20  (둔산동.명진B/D지하 B-01),1999-01-12
1080,GS 25 대전동성점,대전광역시 서구 둔산로31번길 35  (둔산동.동성상가 101호),1999-11-25
1081,구봉철물건재,대전광역시 서구 관저동 496-10호,1999-07-23
1082,씨유 대전구봉8단지점,대전광역시 서구 관저서로 52. 104호 (관저동),1999-06-03
1083,계룡휴게실,대전광역시 서구 관저동 609-1호,1999-01-13
1084,양지슈퍼,대전광역시 서구 남선로60번길 40-22  (탄방동),1999-07-29
1085,상록수 문구,대전광역시 서구 만년남로 8  (만년동.상록수 상가110),1999-01-23
1086,신우슈퍼,대전광역시 서구 도산로335번길 25 (용문동),1999-09-14
1087,빵 마을,대전광역시 서구 계룡로 659 (용문동),1999-05-14
1088,무궁화 슈퍼,대전광역시 서구 도솔로519번길 27 (용문동),1999-05-13
1089,변동슈퍼타운,대전광역시 서구 도솔로 206 (변동),1999-10-20
1090,부덕상회,대전광역시 서구 도마로 107 (변동),1999-01-15
1091,삼원철물,대전광역시 서구 도솔4길 41 (도마동),1999-11-02
1092,새동네 슈퍼,대전광역시 서구 도림3길 25 (도마동),1999-10-25
1093,한아름 슈퍼,대전광역시 서구 도솔로 187 (도마동),1999-09-03
1094,행복슈퍼,대전광역시 서구 도마16길 39 (도마동),1999-01-06
1095,개미슈퍼,대전광역시 서구 도마로7번길 29 (도마동),1999-08-03
1096,믿음마트,대전광역시 서구 조달청길 59 (도마동),1999-03-15
1097,시내버스 승차권 판매소,대전광역시 서구 청사로 189  (둔산동),1998-01-12
1098,장안구판장,대전광역시 서구 장안로 418  (장안동),1998-12-24
1099,세봉슈퍼,대전광역시 서구 월평서로25번길 62  (월평동),1998-12-23
1100,영갑철물,대전광역시 서구 청사서로 29 (월평동),1998-12-22
1101,무궁화문구,대전광역시 서구 월평북로 77  (월평동.무화가상가104),1998-09-28
1102,중도석유(주)대덕주유소,대전광역시 서구 월평북로 84  (월평동),1998-02-09
1103,월평생필품 매장,대전광역시 서구 월평로 13  (월평동),1998-02-21
1104,시내버스승차권,대전광역시 서구 가장로 106  (가장동),1998-01-07
1105,새 마음슈퍼,대전광역시 서구 괴정로 134 (가장동),1998-12-12
1106,해 성 당,대전광역시 서구 둔산남로9번길 69  (둔산동.대영 B 1층),1998-11-18
1107,홍익광고,대전광역시 서구 둔산남로 197  (둔산동),1998-11-30
1108,만물슈퍼,대전광역시 서구 가장로 58 (괴정동),1998-12-18
1109,형제상회,대전광역시 서구 계룡로 664-1  (용문동),1998-09-14
1110,서부농협 용문지소,대전광역시 서구 도산로 343 (용문동),1998-10-29
1111,옥천슈퍼,대전광역시 서구 아랫강변1길 50 (용문동),1998-12-22
1112,승진쌀상회,대전광역시 서구 중반1길 8 (변동),1998-12-29
1113,예산슈퍼,대전광역시 서구 중반5길 10 (변동),1998-10-28
1114,코오롱 문구 할인 매장,대전광역시 서구 정림서로 162-18  (정림동.코오롱 상사 103호),1998-12-05
1115,정림전자,대전광역시 서구 정림로70번길 49 (정림동),1998-05-14
1116,송이마트,대전광역시 서구 도솔로 61 (도마동),1998-10-10
1117,성림유통,대전광역시 서구 배재로 139-57 (도마동),1998-04-25
1118,엠씨마트,대전광역시 서구 도산로 83 (도마동),1998-12-24
1119,길목슈퍼,대전광역시 서구 제비네1길 13 (도마동),1998-12-03
1120,상일타일,대전광역시 서구 계백로 1415 (도마동),1998-12-23
1121,진주슈퍼,대전광역시 서구 도솔로39번길 38 (도마동),1998-12-18
1122,(주)코리아세븐 도마점,대전광역시 서구 도솔로 133 (도마동),1998-12-21
1123,대산 상회,대전광역시 서구 도마5길 46 (도마동),1998-12-30
1124,정주슈퍼,대전광역시 서구 조달청길 171 (도마동),1998-12-18
1125,템버 베이커리,대전광역시 서구 도산로 13 (도마동),1998-12-21
1126,선사매점,대전광역시 서구 청사로 121  (월평동),1997-12-23
1127,대성슈퍼,대전광역시 서구 도솔로 425 (탄방동),1997-10-02
1128,서부농협 새둔산지소,대전광역시 서구 문예로 43 (둔산동),1997-03-22
1129,세븐일레븐 월평3호점,대전광역시 서구 월평로 75  (월평동),1996-08-09
1130,현대슈퍼마켓,대전광역시 서구 도산로 239-2. 1층 (내동),1996-10-11
1131,대관령우유서부대리점,대전광역시 서구 동서대로1079번길 19 (내동),1996-06-05
1132,춘천가,대전광역시 서구 둔산남로181번길 9  (둔산동),1996-04-17
1133,서부농업협동조합,대전광역시 서구 문정로2번길 137  (탄방동),1996-06-05
1134,서부 상회,대전광역시 서구 계룡로 689 (용문동),1996-10-11
1135,삼정잡화,대전광역시 서구 정림서로 114 (정림동. 삼정아파트),1996-06-05
1136,대전축협,대전광역시 서구 둔산로 50 (둔산동),1995-05-16
1137,덕진상회,대전광역시 서구 벌곡로1328번안길 124-11  (가수원동),1995-06-30
1138,후생사 1매장,대전광역시 서구 도솔로 72 (도마동),1995-06-16
1139,대우문구,대전광역시 서구 제비네8길 89 (도마동),1995-01-02
1140,영선사진관,대전광역시 서구 도산로 78 (도마동),1995-05-12
1141,둥지문구서점,대전광역시 서구 둔산남로 15  (둔산동.은하수아파트 상가 102),1994-12-23
1142,대전서부농협 한아름지소,대전광역시 서구 청사서로 65  (월평동.한아름아파트상가 지하),1994-11-05
1143,장내슈퍼,대전광역시 서구 도산로369번길 17 (용문동),1994-05-10
1144,삼익프라자슈퍼,대전광역시 서구 복수중로 38 (복수동. 삼익목화아파트),1994-10-11
1145,하이밀베이커리,대전광역시 서구 한밭대로707번길 23  (월평동),1993-07-28
1146,한양인테리어 가구,대전광역시 서구 계룡로 389 (갈마동),1993-09-18
1147,문화상회,대전광역시 서구 신갈마로 203 (갈마동),1993-03-08
1148,우성유통,대전광역시 서구 둔산동  우성아파트지하 상가 12호,1993-08-28
1149,수정미용실,대전광역시 서구 둔산2동 수정타운아파트상가,1993-06-22
1150,풍년식당,대전광역시 서구 둔산로218번길 25  (둔산동),1993-09-06
1151,가수원 떡 방앗간,대전광역시 서구 계백로1158번길 29 (가수원동),1993-03-02
1152,오뚜기 식당,대전광역시 서구 도솔로 416 (탄방동),1993-02-08
1153,신명슈퍼,대전광역시 서구 정림동 226-162호,1993-12-20
1154,농협내동지소소,대전광역시 서구 동서대로 1002  (내동),1992-04-28
1155,서부농협내동지점,대전광역시 서구 동서대로 1002 (내동),1992-04-28
1156,제일문구,대전광역시 서구 가수원로 6  (가수원동.은아아파트상가 나/101),1991-12-30
1157,아트비디오,대전광역시 서구 가장동 164-3호,1990-07-02
1158,은아오토완구점,대전광역시 서구 벌곡로1341번길 8-16 (가수원동),1990-07-23
1159,현대식당,대전광역시 서구 탄방동 350호,1990-09-03
1160,또아종합화장품,대전광역시 서구 괴정로 179 (용문동),1990-07-19
1161,이*랄,대전광역시 서구 가장동 169-10호,1989-11-21
1162,안*수,대전광역시 서구 벌곡로1341번길 8-24 (가수원동),1989-03-09
1163,최*녀,대전광역시 서구 아랫강변4길 66 (용문동),1989-07-15
1164,김*성,대전광역시 서구 정림동 5-2호,1989-03-02
1165,델리조과,대전광역시 서구 도솔로 146 (도마동),1989-03-31
1166,정*심,대전광역시 서구 도마로 24 (도마동),1989-04-13
1167,신*주,대전광역시 서구 벌곡로1379번길 17-20 (가수원동),1988-06-24
1168,박*한,대전광역시 서구 변동 18-35호,1987-04-01
1169,김*희,대전광역시 서구 갈마1동 285번지 8호,1986-01-18
1170,정*자,대전광역시 서구 도산로 194 (변동),1986-09-24
1171,이*희,대전광역시 서구 정림로24번길 6-2  (정림동),1986-06-24
1172,고*순,대전광역시 서구 가수원동 429-1호,1985-07-26
1173,이*자,대전광역시 서구 큰마을5길 100 (탄방동),1985-04-29
1174,오*석,대전광역시 서구 계룡로 518 (탄방동),1985-10-18
1175,전*병,대전광역시 서구 중반4길 103 (변동),1985-07-08
1176,이*수,대전광역시 서구 둔산로 241  (둔산동),1984-07-24
1177,주*성,대전광역시 서구 도솔로 253 (내동),1984-04-04
1178,박*순,대전광역시 서구 갈마로 230-1 (내동),1984-09-01
1179,이*자,대전광역시 서구 도솔로 294 (괴정동),1983-05-04
1180,이*철,대전광역시 서구 탄방동 101-5호,1983-07-23
1181,이*예,대전광역시 서구 도산로 176 (변동),1983-06-22
1182,홍*표,대전광역시 서구 정림동 134-11호,1983-08-25
1183,양*당,대전광역시 서구 정림동 725-16호,1983-09-20
1184,양*자,대전광역시 서구 둔산북로 215  (둔산동),1982-05-11
1185,강*석,대전광역시 서구 가장동 39-22호,1981-11-18
1186,김*운,대전광역시 서구 계룡로662번길 15 (용문동),1981-05-16
1187,채*병,대전광역시 서구 도산로 45 (도마동),1981-05-08
1188,연*환,대전광역시 서구 괴정동 166-2호,1980-04-18
1189,허*,대전광역시 서구 가장로 78 (괴정동),1980-12-19
1190,이*원,대전광역시 서구 둔산동 820-12호,1980-12-25
1191,김*수,대전광역시 서구 우명동 149호,1980-07-31
1192,서*열,대전광역시 서구 계백로1307번길 38 (정림동),1980-12-16
1193,논산슈퍼,대전광역시 서구 도솔로 99 (도마동),1980-12-17
1194,차*순,대전광역시 서구 용문동 590번지 29호,1977-03-17
1195,문*례,대전광역시 서구 갈마동 114-7호,1973-09-28
1196,김*구,대전광역시 서구 둔산동 726호,1972-10-30
1197,황*권,대전광역시 서구 도산로370번길 46 (용문동),1971-04-29
1198,행복마트,대전광역시 서구 탄방로 65 (탄방동),2014-02-27
1199,(주)한화갤러리아타임월드,대전광역시 서구 대덕대로 211 (둔산동),2002-12-26
,,,
,,,
,,,
,,,
,,,
,,,
,,,
,,,
,,,
,,,
,,,
,,,
,,,
,,,
,,,
,,,
,,,
,,,
,,,
,,,
,,,
,,,
,,,
,,,
,,,
,,,
,,,
,,,
,,,
,,,
,,,
,,,
,,,
,,,
,,,
,,,
,,,
,,,
,,,
,,,
,,,
,,,
,,,
,,,
,,,
,,,
,,,
,,,
,,,
,,,
,,,
,,,
,,,
,,,
,,,
,,,
,,,
,,,
,,,
,,,
,,,
,,,
,,,
,,,
,,,
,,,
,,,
,,,
,,,
,,,
,,,
,,,
,,,
,,,
,,,
,,,
,,,
,,,
,,,
,,,
,,,
,,,
,,,
,,,
